Local time,Open,High,Low,Close,Volume
17.01.2017 00:00:00.000,2271.473,2271.473,2271.473,2271.473,0
17.01.2017 00:01:00.000,2271.473,2271.473,2271.473,2271.473,0
17.01.2017 00:02:00.000,2271.473,2271.473,2271.473,2271.473,0
17.01.2017 00:03:00.000,2271.473,2271.473,2271.473,2271.473,0
17.01.2017 00:04:00.000,2271.473,2271.473,2271.473,2271.473,0
17.01.2017 00:05:00.000,2271.473,2271.473,2271.473,2271.473,0
17.01.2017 00:06:00.000,2271.473,2271.473,2271.473,2271.473,0
17.01.2017 00:07:00.000,2271.473,2271.473,2271.473,2271.473,0
17.01.2017 00:08:00.000,2271.473,2271.473,2271.473,2271.473,0
17.01.2017 00:09:00.000,2271.473,2271.473,2271.473,2271.473,0
17.01.2017 00:10:00.000,2271.473,2271.473,2271.473,2271.473,0
17.01.2017 00:11:00.000,2271.473,2271.473,2271.473,2271.473,0
17.01.2017 00:12:00.000,2271.473,2271.473,2271.473,2271.473,0
17.01.2017 00:13:00.000,2271.473,2271.473,2271.473,2271.473,0
17.01.2017 00:14:00.000,2271.473,2271.473,2271.473,2271.473,0
17.01.2017 00:15:00.000,2271.473,2271.473,2271.473,2271.473,0
17.01.2017 00:16:00.000,2271.473,2271.473,2271.473,2271.473,0
17.01.2017 00:17:00.000,2271.473,2271.473,2271.473,2271.473,0
17.01.2017 00:18:00.000,2271.473,2271.473,2271.473,2271.473,0
17.01.2017 00:19:00.000,2271.473,2271.473,2271.473,2271.473,0
17.01.2017 00:20:00.000,2271.473,2271.473,2271.473,2271.473,0
17.01.2017 00:21:00.000,2271.473,2271.473,2271.473,2271.473,0
17.01.2017 00:22:00.000,2271.473,2271.473,2271.473,2271.473,0
17.01.2017 00:23:00.000,2271.473,2271.473,2271.473,2271.473,0
17.01.2017 00:24:00.000,2271.473,2271.473,2271.473,2271.473,0
17.01.2017 00:25:00.000,2271.473,2271.473,2271.473,2271.473,0
17.01.2017 00:26:00.000,2271.473,2271.473,2271.473,2271.473,0
17.01.2017 00:27:00.000,2271.473,2271.473,2271.473,2271.473,0
17.01.2017 00:28:00.000,2271.473,2271.473,2271.473,2271.473,0
17.01.2017 00:29:00.000,2271.473,2271.473,2271.473,2271.473,0
17.01.2017 00:30:00.000,2271.473,2271.473,2271.473,2271.473,0
17.01.2017 00:31:00.000,2271.473,2271.473,2271.473,2271.473,0
17.01.2017 00:32:00.000,2271.473,2271.473,2271.473,2271.473,0
17.01.2017 00:33:00.000,2271.473,2271.473,2271.473,2271.473,0
17.01.2017 00:34:00.000,2271.473,2271.473,2271.473,2271.473,0
17.01.2017 00:35:00.000,2271.473,2271.473,2271.473,2271.473,0
17.01.2017 00:36:00.000,2271.473,2271.473,2271.473,2271.473,0
17.01.2017 00:37:00.000,2271.473,2271.473,2271.473,2271.473,0
17.01.2017 00:38:00.000,2271.473,2271.473,2271.473,2271.473,0
17.01.2017 00:39:00.000,2271.473,2271.473,2271.473,2271.473,0
17.01.2017 00:40:00.000,2271.473,2271.473,2271.473,2271.473,0
17.01.2017 00:41:00.000,2271.473,2271.473,2271.473,2271.473,0
17.01.2017 00:42:00.000,2271.473,2271.473,2271.473,2271.473,0
17.01.2017 00:43:00.000,2271.473,2271.473,2271.473,2271.473,0
17.01.2017 00:44:00.000,2271.473,2271.473,2271.473,2271.473,0
17.01.2017 00:45:00.000,2271.473,2271.473,2271.473,2271.473,0
17.01.2017 00:46:00.000,2271.473,2271.473,2271.473,2271.473,0
17.01.2017 00:47:00.000,2271.473,2271.473,2271.473,2271.473,0
17.01.2017 00:48:00.000,2271.473,2271.473,2271.473,2271.473,0
17.01.2017 00:49:00.000,2271.473,2271.473,2271.473,2271.473,0
17.01.2017 00:50:00.000,2271.473,2271.473,2271.473,2271.473,0
17.01.2017 00:51:00.000,2271.473,2271.473,2271.473,2271.473,0
17.01.2017 00:52:00.000,2271.473,2271.473,2271.473,2271.473,0
17.01.2017 00:53:00.000,2271.473,2271.473,2271.473,2271.473,0
17.01.2017 00:54:00.000,2271.473,2271.473,2271.473,2271.473,0
17.01.2017 00:55:00.000,2271.473,2271.473,2271.473,2271.473,0
17.01.2017 00:56:00.000,2271.473,2271.473,2271.473,2271.473,0
17.01.2017 00:57:00.000,2271.473,2271.473,2271.473,2271.473,0
17.01.2017 00:58:00.000,2271.473,2271.473,2271.473,2271.473,0
17.01.2017 00:59:00.000,2271.473,2271.473,2271.473,2271.473,0
17.01.2017 01:00:00.000,2271.473,2271.473,2271.473,2271.473,0
17.01.2017 01:01:00.000,2271.473,2271.473,2271.473,2271.473,0
17.01.2017 01:02:00.000,2271.473,2271.473,2271.473,2271.473,0
17.01.2017 01:03:00.000,2271.473,2271.473,2271.473,2271.473,0
17.01.2017 01:04:00.000,2271.473,2271.473,2271.473,2271.473,0
17.01.2017 01:05:00.000,2271.473,2271.473,2271.473,2271.473,0
17.01.2017 01:06:00.000,2271.473,2271.473,2271.473,2271.473,0
17.01.2017 01:07:00.000,2271.473,2271.473,2271.473,2271.473,0
17.01.2017 01:08:00.000,2271.473,2271.473,2271.473,2271.473,0
17.01.2017 01:09:00.000,2271.473,2271.473,2271.473,2271.473,0
17.01.2017 01:10:00.000,2271.473,2271.473,2271.473,2271.473,0
17.01.2017 01:11:00.000,2271.473,2271.473,2271.473,2271.473,0
17.01.2017 01:12:00.000,2271.473,2271.473,2271.473,2271.473,0
17.01.2017 01:13:00.000,2271.473,2271.473,2271.473,2271.473,0
17.01.2017 01:14:00.000,2271.473,2271.473,2271.473,2271.473,0
17.01.2017 01:15:00.000,2271.473,2271.473,2271.473,2271.473,0
17.01.2017 01:16:00.000,2271.473,2271.473,2271.473,2271.473,0
17.01.2017 01:17:00.000,2271.473,2271.473,2271.473,2271.473,0
17.01.2017 01:18:00.000,2271.473,2271.473,2271.473,2271.473,0
17.01.2017 01:19:00.000,2271.473,2271.473,2271.473,2271.473,0
17.01.2017 01:20:00.000,2271.473,2271.473,2271.473,2271.473,0
17.01.2017 01:21:00.000,2271.473,2271.473,2271.473,2271.473,0
17.01.2017 01:22:00.000,2271.473,2271.473,2271.473,2271.473,0
17.01.2017 01:23:00.000,2271.473,2271.473,2271.473,2271.473,0
17.01.2017 01:24:00.000,2271.473,2271.473,2271.473,2271.473,0
17.01.2017 01:25:00.000,2271.473,2271.473,2271.473,2271.473,0
17.01.2017 01:26:00.000,2271.473,2271.473,2271.473,2271.473,0
17.01.2017 01:27:00.000,2271.473,2271.473,2271.473,2271.473,0
17.01.2017 01:28:00.000,2271.473,2271.473,2271.473,2271.473,0
17.01.2017 01:29:00.000,2271.473,2271.473,2271.473,2271.473,0
17.01.2017 01:30:00.000,2271.473,2271.473,2271.473,2271.473,0
17.01.2017 01:31:00.000,2271.473,2271.473,2271.473,2271.473,0
17.01.2017 01:32:00.000,2271.473,2271.473,2271.473,2271.473,0
17.01.2017 01:33:00.000,2271.473,2271.473,2271.473,2271.473,0
17.01.2017 01:34:00.000,2271.473,2271.473,2271.473,2271.473,0
17.01.2017 01:35:00.000,2271.473,2271.473,2271.473,2271.473,0
17.01.2017 01:36:00.000,2271.473,2271.473,2271.473,2271.473,0
17.01.2017 01:37:00.000,2271.473,2271.473,2271.473,2271.473,0
17.01.2017 01:38:00.000,2271.473,2271.473,2271.473,2271.473,0
17.01.2017 01:39:00.000,2271.473,2271.473,2271.473,2271.473,0
17.01.2017 01:40:00.000,2271.473,2271.473,2271.473,2271.473,0
17.01.2017 01:41:00.000,2271.473,2271.473,2271.473,2271.473,0
17.01.2017 01:42:00.000,2271.473,2271.473,2271.473,2271.473,0
17.01.2017 01:43:00.000,2271.473,2271.473,2271.473,2271.473,0
17.01.2017 01:44:00.000,2271.473,2271.473,2271.473,2271.473,0
17.01.2017 01:45:00.000,2271.473,2271.473,2271.473,2271.473,0
17.01.2017 01:46:00.000,2271.473,2271.473,2271.473,2271.473,0
17.01.2017 01:47:00.000,2271.473,2271.473,2271.473,2271.473,0
17.01.2017 01:48:00.000,2271.473,2271.473,2271.473,2271.473,0
17.01.2017 01:49:00.000,2271.473,2271.473,2271.473,2271.473,0
17.01.2017 01:50:00.000,2271.473,2271.473,2271.473,2271.473,0
17.01.2017 01:51:00.000,2271.473,2271.473,2271.473,2271.473,0
17.01.2017 01:52:00.000,2271.473,2271.473,2271.473,2271.473,0
17.01.2017 01:53:00.000,2271.473,2271.473,2271.473,2271.473,0
17.01.2017 01:54:00.000,2271.473,2271.473,2271.473,2271.473,0
17.01.2017 01:55:00.000,2271.473,2271.473,2271.473,2271.473,0
17.01.2017 01:56:00.000,2271.473,2271.473,2271.473,2271.473,0
17.01.2017 01:57:00.000,2271.473,2271.473,2271.473,2271.473,0
17.01.2017 01:58:00.000,2271.473,2271.473,2271.473,2271.473,0
17.01.2017 01:59:00.000,2271.473,2271.473,2271.473,2271.473,0
17.01.2017 02:00:00.000,2269.667,2269.721,2269.518,2269.636,72.9
17.01.2017 02:01:00.000,2269.640,2269.640,2269.397,2269.543,98.25
17.01.2017 02:02:00.000,2269.555,2269.555,2269.509,2269.543,53.12
17.01.2017 02:03:00.000,2269.526,2269.584,2269.526,2269.584,34.86
17.01.2017 02:04:00.000,2269.571,2269.681,2269.552,2269.621,77.77
17.01.2017 02:05:00.000,2269.623,2269.655,2269.593,2269.635,52.76
17.01.2017 02:06:00.000,2269.653,2269.782,2269.639,2269.719,55.43
17.01.2017 02:07:00.000,2269.732,2269.748,2269.719,2269.722,54.78
17.01.2017 02:08:00.000,2269.724,2269.782,2269.722,2269.757,29.6
17.01.2017 02:09:00.000,2269.747,2269.960,2269.747,2269.949,50.12
17.01.2017 02:10:00.000,2269.958,2270.004,2269.944,2270.004,30.19
17.01.2017 02:11:00.000,2270.005,2270.005,2269.835,2269.896,54.39
17.01.2017 02:12:00.000,2269.913,2269.982,2269.855,2269.876,57.82
17.01.2017 02:13:00.000,2269.876,2269.893,2269.841,2269.841,25.41
17.01.2017 02:14:00.000,2269.840,2269.976,2269.788,2269.976,56.47
17.01.2017 02:15:00.000,2269.958,2269.997,2269.958,2269.980,26.56
17.01.2017 02:16:00.000,2269.971,2270.035,2269.971,2270.020,28.22
17.01.2017 02:17:00.000,2270.020,2270.034,2270.010,2270.015,10.89
17.01.2017 02:18:00.000,2270.026,2270.059,2270.009,2270.042,35.06
17.01.2017 02:19:00.000,2270.045,2270.052,2269.997,2270.006,39.84
17.01.2017 02:20:00.000,2270.009,2270.055,2270.008,2270.038,54.78
17.01.2017 02:21:00.000,2270.054,2270.054,2270.034,2270.036,30.36
17.01.2017 02:22:00.000,2270.041,2270.052,2269.961,2269.966,22.99
17.01.2017 02:23:00.000,2269.974,2269.976,2269.841,2269.937,70.71
17.01.2017 02:24:00.000,2269.946,2269.960,2269.910,2269.945,58.1
17.01.2017 02:25:00.000,2269.946,2270.008,2269.916,2269.964,63.08
17.01.2017 02:26:00.000,2269.977,2269.977,2269.827,2269.844,58.75
17.01.2017 02:27:00.000,2269.844,2269.877,2269.833,2269.874,30.39
17.01.2017 02:28:00.000,2269.865,2269.865,2269.844,2269.862,21.78
17.01.2017 02:29:00.000,2269.862,2269.907,2269.832,2269.907,28.25
17.01.2017 02:30:00.000,2269.907,2269.996,2269.907,2269.966,62.63
17.01.2017 02:31:00.000,2269.967,2270.003,2269.884,2269.894,59.17
17.01.2017 02:32:00.000,2269.894,2269.894,2269.732,2269.745,35.17
17.01.2017 02:33:00.000,2269.736,2269.761,2269.725,2269.735,52.22
17.01.2017 02:34:00.000,2269.735,2269.764,2269.731,2269.731,26.11
17.01.2017 02:35:00.000,2269.707,2269.739,2269.531,2269.564,49.07
17.01.2017 02:36:00.000,2269.566,2269.574,2269.420,2269.566,51.46
17.01.2017 02:37:00.000,2269.563,2269.750,2269.561,2269.748,52.25
17.01.2017 02:38:00.000,2269.740,2269.749,2269.685,2269.694,46.48
17.01.2017 02:39:00.000,2269.696,2269.995,2269.696,2269.995,56.45
17.01.2017 02:40:00.000,2269.995,2270.081,2269.995,2270.078,31.54
17.01.2017 02:41:00.000,2270.078,2270.110,2270.052,2270.097,41.22
17.01.2017 02:42:00.000,2270.104,2270.168,2270.060,2270.077,57.99
17.01.2017 02:43:00.000,2270.071,2270.158,2270.057,2270.148,60.55
17.01.2017 02:44:00.000,2270.148,2270.161,2270.066,2270.084,29.29
17.01.2017 02:45:00.000,2270.084,2270.140,2270.058,2270.076,44.71
17.01.2017 02:46:00.000,2270.085,2270.141,2269.999,2270.009,43.92
17.01.2017 02:47:00.000,2270.019,2270.039,2269.864,2269.864,52.53
17.01.2017 02:48:00.000,2269.867,2269.947,2269.867,2269.941,40.01
17.01.2017 02:49:00.000,2269.935,2269.988,2269.931,2269.984,35.17
17.01.2017 02:50:00.000,2269.987,2270.033,2269.947,2269.983,41.5
17.01.2017 02:51:00.000,2270.012,2270.048,2269.817,2269.817,55.26
17.01.2017 02:52:00.000,2269.805,2269.934,2269.805,2269.857,85.05
17.01.2017 02:53:00.000,2269.863,2269.864,2269.712,2269.712,57.06
17.01.2017 02:54:00.000,2269.724,2269.787,2269.724,2269.737,42.71
17.01.2017 02:55:00.000,2269.719,2269.964,2269.708,2269.964,82.14
17.01.2017 02:56:00.000,2269.967,2269.974,2269.900,2269.903,58.86
17.01.2017 02:57:00.000,2269.906,2270.034,2269.905,2269.976,48.9
17.01.2017 02:58:00.000,2269.982,2270.143,2269.975,2270.025,51.32
17.01.2017 02:59:00.000,2270.025,2270.208,2270.018,2270.157,67.16
17.01.2017 03:00:00.000,2270.118,2270.281,2269.734,2270.269,189.73
17.01.2017 03:01:00.000,2270.278,2270.304,2270.049,2270.070,143.98
17.01.2017 03:02:00.000,2270.070,2270.141,2269.799,2269.800,135.69
17.01.2017 03:03:00.000,2269.812,2269.881,2269.179,2269.204,123.92
17.01.2017 03:04:00.000,2269.201,2269.770,2269.201,2269.510,120.62
17.01.2017 03:05:00.000,2269.509,2269.512,2268.356,2268.356,171.64
17.01.2017 03:06:00.000,2268.464,2268.818,2268.454,2268.692,166.01
17.01.2017 03:07:00.000,2268.695,2269.021,2268.631,2268.984,169.95
17.01.2017 03:08:00.000,2268.996,2269.236,2268.872,2269.008,168.08
17.01.2017 03:09:00.000,2268.994,2269.061,2268.940,2269.004,127.82
17.01.2017 03:10:00.000,2268.997,2269.129,2268.989,2269.042,115.02
17.01.2017 03:11:00.000,2269.044,2269.279,2269.036,2269.245,132.67
17.01.2017 03:12:00.000,2269.248,2269.456,2269.223,2269.328,134.82
17.01.2017 03:13:00.000,2269.335,2269.363,2269.032,2269.032,129.06
17.01.2017 03:14:00.000,2269.041,2269.064,2268.979,2269.003,83
17.01.2017 03:15:00.000,2268.995,2269.068,2268.577,2268.590,112.91
17.01.2017 03:16:00.000,2268.576,2268.749,2267.965,2267.979,156.35
17.01.2017 03:17:00.000,2267.980,2268.182,2267.976,2268.032,161.26
17.01.2017 03:18:00.000,2268.032,2268.376,2268.032,2268.265,124.7
17.01.2017 03:19:00.000,2268.274,2268.327,2267.992,2268.026,101.26
17.01.2017 03:20:00.000,2268.032,2268.086,2266.759,2267.115,171.42
17.01.2017 03:21:00.000,2267.148,2267.318,2267.129,2267.257,155.03
17.01.2017 03:22:00.000,2267.273,2267.341,2267.050,2267.110,162.91
17.01.2017 03:23:00.000,2267.100,2267.131,2267.003,2267.024,160.01
17.01.2017 03:24:00.000,2267.033,2267.040,2266.814,2267.027,132.27
17.01.2017 03:25:00.000,2267.025,2267.042,2267.004,2267.037,119.52
17.01.2017 03:26:00.000,2267.040,2267.515,2267.031,2267.512,168.89
17.01.2017 03:27:00.000,2267.519,2267.532,2267.324,2267.383,94.93
17.01.2017 03:28:00.000,2267.383,2267.488,2267.237,2267.307,94.52
17.01.2017 03:29:00.000,2267.294,2267.467,2267.109,2267.116,96.48
17.01.2017 03:30:00.000,2267.090,2267.090,2266.796,2266.797,119.24
17.01.2017 03:31:00.000,2266.805,2266.834,2266.569,2266.802,99.94
17.01.2017 03:32:00.000,2266.802,2266.848,2266.771,2266.839,84.66
17.01.2017 03:33:00.000,2266.839,2266.868,2266.784,2266.855,103.4
17.01.2017 03:34:00.000,2266.845,2266.942,2266.793,2266.825,122.34
17.01.2017 03:35:00.000,2266.835,2266.972,2266.781,2266.938,148.91
17.01.2017 03:36:00.000,2266.953,2267.010,2266.933,2267.010,81.34
17.01.2017 03:37:00.000,2267.003,2267.727,2266.977,2267.727,97.2
17.01.2017 03:38:00.000,2267.715,2267.807,2267.344,2267.411,132.36
17.01.2017 03:39:00.000,2267.422,2267.727,2267.414,2267.521,102.19
17.01.2017 03:40:00.000,2267.531,2267.554,2266.633,2266.762,107.3
17.01.2017 03:41:00.000,2266.760,2267.146,2266.737,2267.127,135.53
17.01.2017 03:42:00.000,2267.127,2267.242,2267.127,2267.231,74.7
17.01.2017 03:43:00.000,2267.226,2267.228,2267.035,2267.043,69.27
17.01.2017 03:44:00.000,2267.052,2267.121,2267.042,2267.050,65.36
17.01.2017 03:45:00.000,2267.057,2267.183,2267.047,2267.182,89.54
17.01.2017 03:46:00.000,2267.163,2267.237,2267.055,2267.233,84.87
17.01.2017 03:47:00.000,2267.230,2267.273,2267.222,2267.271,68.82
17.01.2017 03:48:00.000,2267.245,2267.327,2267.244,2267.317,81.34
17.01.2017 03:49:00.000,2267.312,2267.527,2267.307,2267.493,102.18
17.01.2017 03:50:00.000,2267.484,2267.576,2267.481,2267.550,73.04
17.01.2017 03:51:00.000,2267.552,2267.590,2267.058,2267.102,132.84
17.01.2017 03:52:00.000,2267.122,2267.351,2267.122,2267.271,101.63
17.01.2017 03:53:00.000,2267.281,2267.579,2267.259,2267.566,114.86
17.01.2017 03:54:00.000,2267.568,2267.568,2267.268,2267.344,104.13
17.01.2017 03:55:00.000,2267.346,2267.540,2267.300,2267.517,83.65
17.01.2017 03:56:00.000,2267.522,2267.771,2267.522,2267.758,139.95
17.01.2017 03:57:00.000,2267.758,2268.260,2267.718,2268.229,111.69
17.01.2017 03:58:00.000,2268.240,2268.240,2267.994,2268.040,108.83
17.01.2017 03:59:00.000,2268.027,2268.074,2267.967,2267.975,76.36
17.01.2017 04:00:00.000,2267.975,2268.016,2267.774,2268.012,103.74
17.01.2017 04:01:00.000,2267.993,2268.030,2267.818,2267.895,83.06
17.01.2017 04:02:00.000,2267.900,2268.140,2267.810,2268.102,84.58
17.01.2017 04:03:00.000,2268.105,2268.244,2268.073,2268.109,76.16
17.01.2017 04:04:00.000,2268.102,2268.239,2268.015,2268.218,93.47
17.01.2017 04:05:00.000,2268.221,2268.245,2268.061,2268.139,102
17.01.2017 04:06:00.000,2268.140,2268.367,2268.119,2268.366,96.17
17.01.2017 04:07:00.000,2268.343,2268.362,2268.097,2268.113,85.96
17.01.2017 04:08:00.000,2268.134,2268.378,2268.134,2268.378,81.09
17.01.2017 04:09:00.000,2268.366,2268.398,2268.270,2268.270,61.85
17.01.2017 04:10:00.000,2268.276,2268.296,2268.022,2268.026,86.94
17.01.2017 04:11:00.000,2268.036,2268.036,2267.990,2268.001,53.88
17.01.2017 04:12:00.000,2267.996,2268.057,2267.810,2268.045,102.34
17.01.2017 04:13:00.000,2268.045,2268.272,2268.045,2268.257,79.1
17.01.2017 04:14:00.000,2268.266,2268.266,2268.085,2268.085,68.82
17.01.2017 04:15:00.000,2268.086,2268.109,2267.955,2268.107,107.31
17.01.2017 04:16:00.000,2268.099,2268.099,2267.599,2267.599,90.71
17.01.2017 04:17:00.000,2267.576,2267.599,2267.509,2267.512,84.66
17.01.2017 04:18:00.000,2267.523,2267.536,2267.190,2267.318,125.71
17.01.2017 04:19:00.000,2267.317,2267.417,2267.292,2267.332,112.3
17.01.2017 04:20:00.000,2267.340,2267.367,2267.313,2267.338,116.23
17.01.2017 04:21:00.000,2267.347,2267.762,2267.347,2267.738,98.61
17.01.2017 04:22:00.000,2267.757,2267.867,2267.736,2267.803,85.29
17.01.2017 04:23:00.000,2267.808,2267.847,2267.767,2267.787,104.58
17.01.2017 04:24:00.000,2267.806,2267.862,2267.763,2267.847,88.15
17.01.2017 04:25:00.000,2267.845,2267.864,2267.751,2267.855,78.67
17.01.2017 04:26:00.000,2267.846,2268.587,2267.846,2268.562,108.4
17.01.2017 04:27:00.000,2268.568,2268.613,2268.260,2268.265,62.07
17.01.2017 04:28:00.000,2268.265,2268.449,2268.265,2268.331,77.75
17.01.2017 04:29:00.000,2268.328,2268.475,2268.255,2268.463,84.38
17.01.2017 04:30:00.000,2268.455,2268.497,2268.355,2268.383,95.64
17.01.2017 04:31:00.000,2268.381,2268.494,2268.358,2268.482,53.91
17.01.2017 04:32:00.000,2268.472,2268.484,2268.338,2268.467,90.01
17.01.2017 04:33:00.000,2268.462,2268.470,2268.186,2268.199,108.21
17.01.2017 04:34:00.000,2268.187,2268.483,2268.187,2268.371,88.32
17.01.2017 04:35:00.000,2268.370,2268.522,2268.311,2268.343,92.68
17.01.2017 04:36:00.000,2268.329,2268.373,2268.077,2268.160,76.26
17.01.2017 04:37:00.000,2268.174,2268.318,2268.079,2268.214,96.29
17.01.2017 04:38:00.000,2268.208,2268.318,2268.207,2268.298,56.44
17.01.2017 04:39:00.000,2268.304,2268.720,2268.304,2268.615,106.92
17.01.2017 04:40:00.000,2268.612,2268.612,2268.479,2268.506,98.7
17.01.2017 04:41:00.000,2268.550,2268.732,2268.488,2268.713,99.62
17.01.2017 04:42:00.000,2268.721,2269.000,2268.702,2268.835,61.44
17.01.2017 04:43:00.000,2268.846,2268.846,2268.280,2268.280,84.52
17.01.2017 04:44:00.000,2268.280,2268.282,2267.810,2267.825,77.14
17.01.2017 04:45:00.000,2267.825,2267.936,2267.786,2267.860,83.99
17.01.2017 04:46:00.000,2267.840,2267.873,2267.604,2267.604,91.95
17.01.2017 04:47:00.000,2267.570,2267.717,2267.551,2267.570,92.26
17.01.2017 04:48:00.000,2267.567,2267.707,2267.567,2267.699,53.58
17.01.2017 04:49:00.000,2267.717,2267.782,2267.696,2267.734,69.72
17.01.2017 04:50:00.000,2267.736,2267.856,2267.733,2267.793,52.67
17.01.2017 04:51:00.000,2267.799,2268.201,2267.787,2268.192,57.36
17.01.2017 04:52:00.000,2268.200,2268.200,2267.832,2267.833,101.63
17.01.2017 04:53:00.000,2267.841,2267.841,2267.734,2267.818,84.66
17.01.2017 04:54:00.000,2267.808,2267.812,2267.603,2267.631,78.05
17.01.2017 04:55:00.000,2267.613,2267.640,2267.523,2267.563,70.06
17.01.2017 04:56:00.000,2267.552,2267.590,2267.508,2267.575,64.74
17.01.2017 04:57:00.000,2267.564,2267.744,2267.564,2267.665,70.85
17.01.2017 04:58:00.000,2267.657,2267.674,2267.583,2267.607,85.8
17.01.2017 04:59:00.000,2267.604,2267.733,2267.560,2267.588,111.88
17.01.2017 05:00:00.000,2267.490,2267.525,2267.407,2267.525,89.36
17.01.2017 05:01:00.000,2267.525,2267.636,2267.519,2267.623,66.15
17.01.2017 05:02:00.000,2267.616,2267.726,2267.616,2267.714,94.79
17.01.2017 05:03:00.000,2267.723,2267.880,2267.692,2267.795,109.29
17.01.2017 05:04:00.000,2267.794,2267.997,2267.787,2267.987,92.54
17.01.2017 05:05:00.000,2267.983,2267.998,2267.813,2267.835,96.76
17.01.2017 05:06:00.000,2267.798,2267.876,2267.762,2267.783,99.77
17.01.2017 05:07:00.000,2267.784,2267.844,2267.653,2267.663,99.91
17.01.2017 05:08:00.000,2267.768,2267.812,2267.759,2267.798,54.78
17.01.2017 05:09:00.000,2267.786,2267.900,2267.696,2267.885,73.81
17.01.2017 05:10:00.000,2267.882,2267.990,2267.839,2267.982,84.84
17.01.2017 05:11:00.000,2267.996,2268.247,2267.844,2268.017,75.5
17.01.2017 05:12:00.000,2268.014,2268.014,2267.811,2267.843,75.91
17.01.2017 05:13:00.000,2267.840,2267.840,2267.602,2267.618,72.17
17.01.2017 05:14:00.000,2267.625,2267.625,2267.561,2267.563,58.58
17.01.2017 05:15:00.000,2267.563,2267.590,2267.309,2267.318,67.92
17.01.2017 05:16:00.000,2267.320,2267.448,2267.285,2267.383,79.49
17.01.2017 05:17:00.000,2267.371,2267.386,2267.281,2267.296,80.78
17.01.2017 05:18:00.000,2267.303,2267.428,2267.303,2267.330,89.81
17.01.2017 05:19:00.000,2267.328,2267.366,2267.300,2267.323,76.84
17.01.2017 05:20:00.000,2267.322,2267.348,2267.066,2267.071,95.38
17.01.2017 05:21:00.000,2267.066,2267.237,2266.476,2266.529,106.43
17.01.2017 05:22:00.000,2266.537,2266.961,2266.525,2266.834,89.67
17.01.2017 05:23:00.000,2266.822,2266.956,2266.255,2266.292,101.12
17.01.2017 05:24:00.000,2266.279,2267.009,2266.229,2267.009,98.58
17.01.2017 05:25:00.000,2267.000,2267.010,2266.827,2266.971,70.06
17.01.2017 05:26:00.000,2266.970,2267.022,2266.969,2267.016,66.4
17.01.2017 05:27:00.000,2267.015,2267.030,2266.991,2267.028,49.8
17.01.2017 05:28:00.000,2267.024,2267.496,2267.024,2267.496,82.72
17.01.2017 05:29:00.000,2267.496,2267.496,2267.269,2267.291,81.26
17.01.2017 05:30:00.000,2267.271,2267.271,2266.511,2266.659,133.46
17.01.2017 05:31:00.000,2266.649,2266.649,2266.387,2266.402,105.37
17.01.2017 05:32:00.000,2266.392,2266.549,2266.382,2266.538,84.97
17.01.2017 05:33:00.000,2266.546,2266.749,2266.521,2266.744,92.23
17.01.2017 05:34:00.000,2266.735,2266.771,2266.735,2266.753,51.46
17.01.2017 05:35:00.000,2266.754,2266.870,2266.754,2266.809,69.3
17.01.2017 05:36:00.000,2266.822,2266.840,2266.804,2266.827,66.4
17.01.2017 05:37:00.000,2266.824,2266.975,2266.824,2266.975,85.81
17.01.2017 05:38:00.000,2266.996,2267.070,2266.985,2267.059,46.48
17.01.2017 05:39:00.000,2267.070,2267.079,2266.968,2267.043,66.4
17.01.2017 05:40:00.000,2266.973,2266.975,2266.602,2266.736,91.51
17.01.2017 05:41:00.000,2266.729,2266.729,2266.293,2266.293,77.88
17.01.2017 05:42:00.000,2266.299,2266.366,2266.299,2266.319,87.31
17.01.2017 05:43:00.000,2266.320,2266.388,2266.092,2266.109,55.15
17.01.2017 05:44:00.000,2266.123,2266.123,2266.039,2266.052,89.84
17.01.2017 05:45:00.000,2266.040,2266.063,2265.778,2265.784,87.08
17.01.2017 05:46:00.000,2265.776,2265.837,2265.776,2265.793,51.46
17.01.2017 05:47:00.000,2265.801,2265.919,2265.771,2265.879,75.38
17.01.2017 05:48:00.000,2265.875,2265.887,2265.781,2265.797,70.82
17.01.2017 05:49:00.000,2265.798,2265.849,2265.526,2265.529,84.83
17.01.2017 05:50:00.000,2265.538,2265.566,2265.515,2265.518,86.32
17.01.2017 05:51:00.000,2265.519,2265.567,2265.505,2265.519,59.76
17.01.2017 05:52:00.000,2265.508,2265.544,2265.428,2265.428,116.2
17.01.2017 05:53:00.000,2265.430,2265.478,2265.209,2265.221,111.08
17.01.2017 05:54:00.000,2265.228,2265.255,2265.214,2265.216,94.62
17.01.2017 05:55:00.000,2265.216,2265.232,2265.041,2265.057,86.04
17.01.2017 05:56:00.000,2265.055,2265.068,2264.483,2264.499,92.82
17.01.2017 05:57:00.000,2264.499,2264.777,2264.481,2264.774,90.1
17.01.2017 05:58:00.000,2264.764,2265.042,2264.755,2265.027,100.06
17.01.2017 05:59:00.000,2265.018,2265.059,2265.009,2265.047,74.7
17.01.2017 06:00:00.000,2265.057,2265.250,2264.992,2265.250,106.7
17.01.2017 06:01:00.000,2265.256,2265.276,2264.825,2264.825,95.38
17.01.2017 06:02:00.000,2264.838,2264.840,2264.761,2264.823,106.24
17.01.2017 06:03:00.000,2264.836,2264.998,2264.804,2264.991,109.6
17.01.2017 06:04:00.000,2264.991,2265.252,2264.982,2265.238,78.95
17.01.2017 06:05:00.000,2265.253,2265.532,2265.232,2265.510,86.78
17.01.2017 06:06:00.000,2265.521,2265.547,2265.210,2265.284,105.79
17.01.2017 06:07:00.000,2265.283,2265.287,2265.000,2265.010,96.9
17.01.2017 06:08:00.000,2265.011,2265.191,2265.000,2265.137,86.65
17.01.2017 06:09:00.000,2265.180,2265.270,2265.134,2265.134,90.26
17.01.2017 06:10:00.000,2265.135,2265.148,2264.954,2264.967,97.97
17.01.2017 06:11:00.000,2264.967,2264.978,2264.694,2264.694,122.71
17.01.2017 06:12:00.000,2264.685,2264.719,2264.284,2264.292,120.28
17.01.2017 06:13:00.000,2264.303,2264.311,2264.181,2264.196,111.22
17.01.2017 06:14:00.000,2264.200,2264.200,2263.864,2264.171,120.3
17.01.2017 06:15:00.000,2264.188,2264.480,2264.188,2264.305,105.35
17.01.2017 06:16:00.000,2264.307,2264.307,2264.041,2264.253,118.63
17.01.2017 06:17:00.000,2264.242,2264.512,2264.242,2264.510,83.02
17.01.2017 06:18:00.000,2264.509,2264.510,2263.837,2264.052,90.41
17.01.2017 06:19:00.000,2264.062,2264.247,2264.062,2264.206,90.1
17.01.2017 06:20:00.000,2264.221,2264.528,2264.203,2264.528,83.46
17.01.2017 06:21:00.000,2264.527,2264.557,2264.298,2264.532,107.32
17.01.2017 06:22:00.000,2264.524,2264.729,2264.524,2264.715,85.12
17.01.2017 06:23:00.000,2264.716,2264.730,2264.699,2264.730,54.78
17.01.2017 06:24:00.000,2264.723,2264.806,2264.723,2264.796,76.36
17.01.2017 06:25:00.000,2264.803,2265.005,2264.772,2264.990,76.36
17.01.2017 06:26:00.000,2264.991,2265.241,2264.939,2265.241,93.42
17.01.2017 06:27:00.000,2265.234,2265.301,2265.194,2265.292,84.66
17.01.2017 06:28:00.000,2265.282,2265.326,2265.277,2265.325,56.44
17.01.2017 06:29:00.000,2265.320,2265.335,2265.308,2265.314,51.18
17.01.2017 06:30:00.000,2265.315,2265.349,2265.269,2265.310,97.94
17.01.2017 06:31:00.000,2265.289,2265.307,2265.031,2265.272,129.04
17.01.2017 06:32:00.000,2265.281,2265.325,2265.255,2265.312,106.24
17.01.2017 06:33:00.000,2265.302,2265.321,2265.218,2265.226,73.04
17.01.2017 06:34:00.000,2265.244,2265.244,2264.802,2265.003,91.62
17.01.2017 06:35:00.000,2265.001,2265.061,2264.791,2265.050,67.03
17.01.2017 06:36:00.000,2265.051,2265.305,2265.022,2265.284,68.06
17.01.2017 06:37:00.000,2265.280,2265.329,2265.244,2265.312,68.06
17.01.2017 06:38:00.000,2265.298,2265.311,2265.036,2265.036,73.8
17.01.2017 06:39:00.000,2265.036,2265.036,2264.539,2264.746,137.8
17.01.2017 06:40:00.000,2264.743,2264.807,2264.306,2264.313,128.31
17.01.2017 06:41:00.000,2264.314,2264.381,2264.061,2264.288,96.16
17.01.2017 06:42:00.000,2264.299,2264.299,2262.441,2263.079,176.3
17.01.2017 06:43:00.000,2263.087,2263.575,2263.081,2263.575,143.26
17.01.2017 06:44:00.000,2263.597,2264.034,2263.497,2263.988,144.32
17.01.2017 06:45:00.000,2263.988,2265.013,2263.988,2264.979,180.23
17.01.2017 06:46:00.000,2264.983,2265.261,2264.983,2265.018,140.21
17.01.2017 06:47:00.000,2265.005,2265.045,2264.440,2264.674,121.94
17.01.2017 06:48:00.000,2264.712,2264.737,2264.665,2264.720,63.08
17.01.2017 06:49:00.000,2264.710,2264.731,2264.685,2264.700,76.36
17.01.2017 06:50:00.000,2264.691,2265.047,2264.675,2265.023,104.31
17.01.2017 06:51:00.000,2265.023,2265.853,2265.016,2265.554,139.32
17.01.2017 06:52:00.000,2265.556,2266.056,2265.547,2266.056,74.13
17.01.2017 06:53:00.000,2266.043,2266.382,2266.041,2266.362,156.49
17.01.2017 06:54:00.000,2266.509,2266.763,2266.266,2266.732,157.62
17.01.2017 06:55:00.000,2266.726,2266.757,2266.253,2266.575,156.08
17.01.2017 06:56:00.000,2266.569,2266.678,2266.056,2266.056,165.76
17.01.2017 06:57:00.000,2266.072,2266.109,2265.899,2266.015,116.51
17.01.2017 06:58:00.000,2266.017,2266.281,2266.017,2266.072,116.1
17.01.2017 06:59:00.000,2266.072,2266.150,2266.022,2266.043,66.74
17.01.2017 07:00:00.000,2266.043,2266.303,2265.994,2266.000,101.28
17.01.2017 07:01:00.000,2266.011,2266.020,2265.800,2265.876,115.36
17.01.2017 07:02:00.000,2265.884,2266.411,2265.810,2266.399,116.77
17.01.2017 07:03:00.000,2266.399,2266.907,2266.388,2266.835,112.63
17.01.2017 07:04:00.000,2266.828,2268.625,2266.828,2268.327,153.18
17.01.2017 07:05:00.000,2268.329,2268.498,2268.187,2268.369,161
17.01.2017 07:06:00.000,2268.371,2268.603,2268.298,2268.363,114.04
17.01.2017 07:07:00.000,2268.367,2268.402,2267.771,2267.771,86.35
17.01.2017 07:08:00.000,2267.745,2267.753,2267.515,2267.521,84.38
17.01.2017 07:09:00.000,2267.533,2267.534,2267.269,2267.313,80.89
17.01.2017 07:10:00.000,2267.313,2268.128,2267.260,2268.110,105.69
17.01.2017 07:11:00.000,2268.103,2268.223,2268.063,2268.202,91.7
17.01.2017 07:12:00.000,2268.205,2268.539,2268.162,2268.530,89.07
17.01.2017 07:13:00.000,2268.540,2268.540,2268.179,2268.190,89.19
17.01.2017 07:14:00.000,2268.190,2268.203,2267.514,2267.571,124.54
17.01.2017 07:15:00.000,2267.570,2267.937,2267.570,2267.913,107.32
17.01.2017 07:16:00.000,2267.913,2268.796,2267.796,2268.796,102.65
17.01.2017 07:17:00.000,2268.787,2268.991,2268.577,2268.991,161.29
17.01.2017 07:18:00.000,2268.983,2269.025,2268.923,2268.991,134.01
17.01.2017 07:19:00.000,2269.001,2269.201,2268.788,2268.810,122.12
17.01.2017 07:20:00.000,2268.817,2269.316,2268.775,2269.289,132.09
17.01.2017 07:21:00.000,2269.291,2269.625,2269.285,2269.504,189.91
17.01.2017 07:22:00.000,2269.514,2269.690,2269.506,2269.554,135.71
17.01.2017 07:23:00.000,2269.550,2269.559,2269.300,2269.363,96.14
17.01.2017 07:24:00.000,2269.363,2269.699,2269.349,2269.695,150.24
17.01.2017 07:25:00.000,2269.695,2269.733,2269.690,2269.705,78.02
17.01.2017 07:26:00.000,2269.704,2269.706,2269.520,2269.520,108.52
17.01.2017 07:27:00.000,2269.515,2269.522,2269.011,2269.011,85.28
17.01.2017 07:28:00.000,2269.023,2269.040,2268.833,2268.838,124.53
17.01.2017 07:29:00.000,2268.840,2269.093,2268.840,2268.924,127.09
17.01.2017 07:30:00.000,2268.924,2269.021,2268.800,2268.810,115.36
17.01.2017 07:31:00.000,2268.810,2268.810,2268.285,2268.513,138.57
17.01.2017 07:32:00.000,2268.501,2268.964,2268.499,2268.856,116.43
17.01.2017 07:33:00.000,2268.855,2268.869,2268.584,2268.869,124.9
17.01.2017 07:34:00.000,2268.860,2268.903,2268.756,2268.829,92.92
17.01.2017 07:35:00.000,2268.831,2269.024,2268.831,2268.886,108.81
17.01.2017 07:36:00.000,2268.917,2269.024,2268.839,2268.856,133.62
17.01.2017 07:37:00.000,2268.852,2269.047,2268.852,2269.026,56.3
17.01.2017 07:38:00.000,2269.025,2269.037,2268.813,2268.891,126.31
17.01.2017 07:39:00.000,2268.876,2269.463,2268.876,2269.455,140.68
17.01.2017 07:40:00.000,2269.460,2270.001,2269.386,2269.840,191.69
17.01.2017 07:41:00.000,2269.840,2270.504,2269.835,2270.490,142.84
17.01.2017 07:42:00.000,2270.492,2270.779,2270.491,2270.583,168.88
17.01.2017 07:43:00.000,2270.591,2270.591,2270.358,2270.362,186.94
17.01.2017 07:44:00.000,2270.370,2270.612,2270.360,2270.528,107.34
17.01.2017 07:45:00.000,2270.529,2270.591,2270.504,2270.567,77.57
17.01.2017 07:46:00.000,2270.573,2270.751,2270.561,2270.717,140.52
17.01.2017 07:47:00.000,2270.717,2270.965,2270.717,2270.827,122.12
17.01.2017 07:48:00.000,2270.785,2270.838,2270.489,2270.530,99.15
17.01.2017 07:49:00.000,2270.528,2270.993,2270.517,2270.919,129.05
17.01.2017 07:50:00.000,2270.921,2271.265,2270.921,2271.241,134.81
17.01.2017 07:51:00.000,2271.241,2271.283,2271.119,2271.121,143.86
17.01.2017 07:52:00.000,2271.124,2271.261,2270.949,2271.223,122.67
17.01.2017 07:53:00.000,2271.243,2271.256,2270.865,2270.956,116.23
17.01.2017 07:54:00.000,2270.941,2270.960,2270.814,2270.816,133.17
17.01.2017 07:55:00.000,2270.818,2270.818,2270.773,2270.800,76.36
17.01.2017 07:56:00.000,2270.815,2271.011,2270.815,2270.856,120.38
17.01.2017 07:57:00.000,2270.855,2271.001,2270.788,2270.978,100.08
17.01.2017 07:58:00.000,2270.986,2270.988,2270.838,2270.911,100.25
17.01.2017 07:59:00.000,2270.921,2270.964,2270.820,2270.835,104.39
17.01.2017 08:00:00.000,2270.835,2270.880,2270.593,2270.600,134.66
17.01.2017 08:01:00.000,2270.589,2270.692,2270.059,2270.068,144.54
17.01.2017 08:02:00.000,2270.060,2270.080,2269.860,2269.939,134.94
17.01.2017 08:03:00.000,2269.939,2269.939,2269.492,2269.511,111.7
17.01.2017 08:04:00.000,2269.506,2269.507,2269.296,2269.296,92.88
17.01.2017 08:05:00.000,2269.309,2269.310,2269.193,2269.269,110.77
17.01.2017 08:06:00.000,2269.272,2269.425,2269.092,2269.288,102.06
17.01.2017 08:07:00.000,2269.288,2269.309,2269.266,2269.291,97.94
17.01.2017 08:08:00.000,2269.299,2269.310,2269.188,2269.212,99.15
17.01.2017 08:09:00.000,2269.221,2269.269,2269.071,2269.252,108.53
17.01.2017 08:10:00.000,2269.260,2269.375,2269.245,2269.301,85.43
17.01.2017 08:11:00.000,2269.301,2269.316,2269.267,2269.297,54.78
17.01.2017 08:12:00.000,2269.293,2269.302,2269.255,2269.256,61.42
17.01.2017 08:13:00.000,2269.255,2269.263,2269.031,2269.054,66.26
17.01.2017 08:14:00.000,2269.054,2269.054,2268.762,2268.762,85.87
17.01.2017 08:15:00.000,2268.775,2268.809,2268.756,2268.781,66.4
17.01.2017 08:16:00.000,2268.788,2268.788,2268.509,2268.524,156.41
17.01.2017 08:17:00.000,2268.530,2268.757,2268.487,2268.701,90.1
17.01.2017 08:18:00.000,2268.702,2268.751,2268.694,2268.722,107.9
17.01.2017 08:19:00.000,2268.724,2268.724,2268.676,2268.686,111.22
17.01.2017 08:20:00.000,2268.690,2268.708,2268.509,2268.605,85.28
17.01.2017 08:21:00.000,2268.607,2268.607,2268.521,2268.534,87.08
17.01.2017 08:22:00.000,2268.544,2268.950,2268.532,2268.874,73.41
17.01.2017 08:23:00.000,2268.873,2269.024,2268.236,2268.272,142.63
17.01.2017 08:24:00.000,2268.261,2268.267,2267.684,2267.748,112.29
17.01.2017 08:25:00.000,2267.760,2268.069,2267.720,2268.013,100.06
17.01.2017 08:26:00.000,2268.017,2268.814,2267.914,2268.771,129.38
17.01.2017 08:27:00.000,2268.779,2269.523,2268.767,2269.364,187.81
17.01.2017 08:28:00.000,2269.359,2269.426,2269.229,2269.229,85.42
17.01.2017 08:29:00.000,2269.238,2269.324,2269.229,2269.260,84.66
17.01.2017 08:30:00.000,2269.258,2269.263,2269.072,2269.170,170.03
17.01.2017 08:31:00.000,2269.184,2269.186,2268.579,2268.706,125.58
17.01.2017 08:32:00.000,2268.695,2268.752,2268.402,2268.471,127.37
17.01.2017 08:33:00.000,2268.478,2268.773,2268.470,2268.760,76.82
17.01.2017 08:34:00.000,2268.749,2268.766,2268.746,2268.761,39.25
17.01.2017 08:35:00.000,2268.747,2268.748,2268.222,2268.226,109.87
17.01.2017 08:36:00.000,2268.239,2268.608,2268.239,2268.513,97.95
17.01.2017 08:37:00.000,2268.517,2268.752,2268.374,2268.751,116.97
17.01.2017 08:38:00.000,2268.722,2268.722,2268.492,2268.716,96.29
17.01.2017 08:39:00.000,2268.713,2269.075,2268.701,2269.075,118.63
17.01.2017 08:40:00.000,2269.074,2269.284,2269.013,2269.052,129.05
17.01.2017 08:41:00.000,2269.051,2269.297,2269.039,2269.250,115.48
17.01.2017 08:42:00.000,2269.255,2269.285,2269.046,2269.243,97.96
17.01.2017 08:43:00.000,2269.244,2269.301,2269.043,2269.249,141.47
17.01.2017 08:44:00.000,2269.247,2269.676,2269.247,2269.330,144.62
17.01.2017 08:45:00.000,2269.334,2269.336,2268.708,2268.788,118.62
17.01.2017 08:46:00.000,2268.783,2268.995,2268.656,2268.992,122.86
17.01.2017 08:47:00.000,2269.013,2269.066,2268.428,2268.515,156.82
17.01.2017 08:48:00.000,2268.514,2268.546,2268.412,2268.504,147.74
17.01.2017 08:49:00.000,2268.511,2269.521,2268.483,2269.491,167.28
17.01.2017 08:50:00.000,2269.496,2270.043,2269.496,2270.020,167.4
17.01.2017 08:51:00.000,2270.023,2270.230,2269.771,2270.032,161.68
17.01.2017 08:52:00.000,2270.081,2270.521,2270.021,2270.482,167.77
17.01.2017 08:53:00.000,2270.508,2270.687,2270.508,2270.534,143.15
17.01.2017 08:54:00.000,2270.536,2270.568,2269.806,2269.824,127.57
17.01.2017 08:55:00.000,2269.823,2269.844,2269.281,2269.300,124.36
17.01.2017 08:56:00.000,2269.290,2270.034,2269.241,2270.024,107.91
17.01.2017 08:57:00.000,2270.023,2270.208,2269.945,2270.042,123.17
17.01.2017 08:58:00.000,2270.037,2270.037,2269.670,2269.746,96.14
17.01.2017 08:59:00.000,2269.752,2269.752,2269.336,2269.530,137.65
17.01.2017 09:00:00.000,2269.488,2269.535,2269.003,2269.015,132.7
17.01.2017 09:01:00.000,2269.030,2269.267,2269.020,2269.248,118.79
17.01.2017 09:02:00.000,2269.254,2269.507,2269.051,2269.437,119.56
17.01.2017 09:03:00.000,2269.429,2269.499,2267.963,2267.995,188.54
17.01.2017 09:04:00.000,2267.998,2268.252,2267.982,2268.234,152.28
17.01.2017 09:05:00.000,2268.230,2268.286,2268.046,2268.270,147.76
17.01.2017 09:06:00.000,2268.277,2268.517,2268.263,2268.354,116.07
17.01.2017 09:07:00.000,2268.351,2268.507,2268.111,2268.489,149.6
17.01.2017 09:08:00.000,2268.481,2268.778,2268.481,2268.778,94.34
17.01.2017 09:09:00.000,2268.778,2269.299,2268.754,2269.082,126.09
17.01.2017 09:10:00.000,2269.080,2269.285,2269.015,2269.247,135.11
17.01.2017 09:11:00.000,2269.242,2269.269,2268.989,2269.045,119.07
17.01.2017 09:12:00.000,2269.045,2269.059,2268.705,2268.799,125.26
17.01.2017 09:13:00.000,2268.801,2268.812,2268.550,2268.793,133.88
17.01.2017 09:14:00.000,2268.792,2268.825,2268.587,2268.717,117.73
17.01.2017 09:15:00.000,2268.705,2268.901,2268.687,2268.889,136.91
17.01.2017 09:16:00.000,2268.958,2268.958,2268.021,2268.034,108.2
17.01.2017 09:17:00.000,2268.042,2268.770,2268.023,2268.312,120.3
17.01.2017 09:18:00.000,2268.301,2268.351,2268.058,2268.277,135.68
17.01.2017 09:19:00.000,2268.241,2268.319,2268.114,2268.183,134.49
17.01.2017 09:20:00.000,2268.170,2268.762,2268.170,2268.762,138.55
17.01.2017 09:21:00.000,2268.751,2268.987,2268.114,2268.335,142.66
17.01.2017 09:22:00.000,2268.336,2268.408,2268.269,2268.286,97.07
17.01.2017 09:23:00.000,2268.274,2268.276,2268.029,2268.222,129.86
17.01.2017 09:24:00.000,2268.233,2268.238,2267.553,2267.562,162.27
17.01.2017 09:25:00.000,2267.561,2267.570,2266.837,2267.251,180.24
17.01.2017 09:26:00.000,2267.250,2267.758,2267.150,2267.407,181.59
17.01.2017 09:27:00.000,2267.409,2267.622,2267.242,2267.622,153.36
17.01.2017 09:28:00.000,2267.617,2267.617,2267.232,2267.517,152.59
17.01.2017 09:29:00.000,2267.528,2267.631,2266.819,2267.225,202.89
17.01.2017 09:30:00.000,2267.225,2268.230,2266.929,2268.188,398.7
17.01.2017 09:31:00.000,2268.116,2268.740,2268.072,2268.252,262.02
17.01.2017 09:32:00.000,2268.253,2269.289,2268.224,2268.224,269.39
17.01.2017 09:33:00.000,2268.224,2268.534,2268.035,2268.445,282.08
17.01.2017 09:34:00.000,2268.445,2268.449,2267.465,2267.529,232.78
17.01.2017 09:35:00.000,2267.521,2268.059,2266.114,2266.114,217.17
17.01.2017 09:36:00.000,2266.119,2266.371,2265.545,2266.354,261.88
17.01.2017 09:37:00.000,2266.386,2266.985,2266.276,2266.346,235.2
17.01.2017 09:38:00.000,2266.463,2266.501,2265.598,2266.201,234.31
17.01.2017 09:39:00.000,2266.221,2266.238,2265.067,2266.222,218.29
17.01.2017 09:40:00.000,2266.197,2266.825,2265.815,2266.541,241.89
17.01.2017 09:41:00.000,2266.555,2266.985,2266.079,2266.698,257.61
17.01.2017 09:42:00.000,2266.723,2267.219,2266.715,2267.033,231.72
17.01.2017 09:43:00.000,2267.025,2267.070,2266.594,2266.772,218
17.01.2017 09:44:00.000,2266.776,2266.827,2265.740,2266.498,241.57
17.01.2017 09:45:00.000,2266.463,2266.485,2265.373,2265.764,243.07
17.01.2017 09:46:00.000,2265.661,2265.661,2265.156,2265.393,214.16
17.01.2017 09:47:00.000,2265.376,2265.556,2264.821,2265.008,211.87
17.01.2017 09:48:00.000,2265.015,2265.641,2264.837,2265.539,233.08
17.01.2017 09:49:00.000,2265.562,2266.251,2265.549,2266.233,212.73
17.01.2017 09:50:00.000,2266.234,2266.824,2266.075,2266.267,233.37
17.01.2017 09:51:00.000,2266.266,2266.305,2265.351,2265.539,235.22
17.01.2017 09:52:00.000,2265.540,2265.564,2264.780,2265.233,235.24
17.01.2017 09:53:00.000,2265.258,2266.233,2265.247,2266.207,227.2
17.01.2017 09:54:00.000,2266.216,2266.841,2266.015,2266.600,254.82
17.01.2017 09:55:00.000,2266.571,2266.571,2266.266,2266.518,223.16
17.01.2017 09:56:00.000,2266.516,2267.005,2266.292,2267.005,217.81
17.01.2017 09:57:00.000,2266.819,2267.711,2266.814,2267.135,224.85
17.01.2017 09:58:00.000,2267.104,2267.344,2267.058,2267.075,188.86
17.01.2017 09:59:00.000,2267.086,2267.094,2265.482,2265.767,230.07
17.01.2017 10:00:00.000,2265.794,2266.424,2265.504,2266.297,225.22
17.01.2017 10:01:00.000,2266.307,2266.321,2265.318,2265.318,221.13
17.01.2017 10:02:00.000,2265.326,2266.025,2264.926,2265.781,243.36
17.01.2017 10:03:00.000,2265.777,2266.216,2265.730,2266.191,233.58
17.01.2017 10:04:00.000,2266.249,2266.405,2266.001,2266.370,213.45
17.01.2017 10:05:00.000,2266.375,2266.393,2265.475,2265.727,223.43
17.01.2017 10:06:00.000,2265.666,2266.521,2265.554,2266.515,212.72
17.01.2017 10:07:00.000,2266.721,2267.763,2266.664,2267.763,229.9
17.01.2017 10:08:00.000,2267.762,2269.261,2267.717,2269.261,161.09
17.01.2017 10:09:00.000,2269.261,2269.849,2269.213,2269.574,171.92
17.01.2017 10:10:00.000,2269.552,2270.027,2269.107,2269.315,240.03
17.01.2017 10:11:00.000,2269.335,2270.306,2269.315,2270.054,213.46
17.01.2017 10:12:00.000,2270.048,2270.261,2269.797,2269.797,228.25
17.01.2017 10:13:00.000,2269.793,2270.011,2269.530,2269.720,214.05
17.01.2017 10:14:00.000,2269.752,2269.826,2269.290,2269.316,211.79
17.01.2017 10:15:00.000,2269.318,2270.805,2269.231,2270.803,213.32
17.01.2017 10:16:00.000,2270.822,2271.250,2270.764,2271.040,236.29
17.01.2017 10:17:00.000,2271.051,2271.945,2270.839,2271.544,222.67
17.01.2017 10:18:00.000,2271.523,2271.686,2271.019,2271.036,229.91
17.01.2017 10:19:00.000,2271.045,2271.262,2270.252,2270.260,210.11
17.01.2017 10:20:00.000,2270.252,2271.247,2270.252,2270.578,225.83
17.01.2017 10:21:00.000,2270.578,2271.504,2270.566,2271.264,204.09
17.01.2017 10:22:00.000,2271.226,2271.515,2271.045,2271.060,190.02
17.01.2017 10:23:00.000,2271.024,2271.482,2271.024,2271.047,195.19
17.01.2017 10:24:00.000,2271.066,2271.090,2270.185,2270.255,217.39
17.01.2017 10:25:00.000,2270.256,2270.324,2269.839,2269.841,228.6
17.01.2017 10:26:00.000,2269.823,2270.351,2269.777,2270.318,190.19
17.01.2017 10:27:00.000,2270.273,2270.793,2270.091,2270.779,209.51
17.01.2017 10:28:00.000,2270.803,2270.803,2269.280,2269.288,200.65
17.01.2017 10:29:00.000,2269.304,2270.018,2269.300,2270.018,201.8
17.01.2017 10:30:00.000,2270.025,2270.129,2269.784,2270.051,194.75
17.01.2017 10:31:00.000,2270.069,2270.143,2269.567,2269.567,200.28
17.01.2017 10:32:00.000,2269.571,2270.059,2269.075,2269.075,205.9
17.01.2017 10:33:00.000,2269.082,2269.823,2269.071,2269.785,211.06
17.01.2017 10:34:00.000,2269.693,2270.234,2269.520,2270.234,220.53
17.01.2017 10:35:00.000,2270.228,2270.762,2270.027,2270.544,218.27
17.01.2017 10:36:00.000,2270.545,2270.753,2270.442,2270.459,211.18
17.01.2017 10:37:00.000,2270.457,2270.736,2270.030,2270.728,226.15
17.01.2017 10:38:00.000,2270.727,2270.994,2270.703,2270.755,192.13
17.01.2017 10:39:00.000,2270.714,2270.853,2270.565,2270.751,190.83
17.01.2017 10:40:00.000,2270.733,2271.238,2270.533,2271.238,201.7
17.01.2017 10:41:00.000,2271.242,2271.510,2271.034,2271.137,206.98
17.01.2017 10:42:00.000,2271.099,2271.264,2270.743,2271.014,199.85
17.01.2017 10:43:00.000,2271.011,2271.025,2270.529,2270.535,208.89
17.01.2017 10:44:00.000,2270.523,2270.877,2270.307,2270.795,204.53
17.01.2017 10:45:00.000,2270.830,2271.494,2270.771,2271.212,183.55
17.01.2017 10:46:00.000,2271.215,2271.508,2271.182,2271.495,178.88
17.01.2017 10:47:00.000,2271.489,2271.493,2271.176,2271.269,160.12
17.01.2017 10:48:00.000,2271.283,2271.289,2270.287,2270.287,187.76
17.01.2017 10:49:00.000,2270.284,2270.775,2270.282,2270.569,159.24
17.01.2017 10:50:00.000,2270.548,2271.006,2270.333,2270.748,204.82
17.01.2017 10:51:00.000,2270.748,2270.766,2270.291,2270.484,176.78
17.01.2017 10:52:00.000,2270.493,2270.516,2270.291,2270.483,156.54
17.01.2017 10:53:00.000,2270.481,2270.525,2270.281,2270.508,180.54
17.01.2017 10:54:00.000,2270.508,2270.803,2270.274,2270.791,186.79
17.01.2017 10:55:00.000,2270.801,2270.969,2270.761,2270.786,171.03
17.01.2017 10:56:00.000,2270.778,2270.817,2270.497,2270.788,195
17.01.2017 10:57:00.000,2270.779,2270.784,2270.487,2270.582,185.5
17.01.2017 10:58:00.000,2270.592,2271.250,2270.492,2271.168,176.9
17.01.2017 10:59:00.000,2271.182,2271.499,2271.120,2271.266,178.74
17.01.2017 11:00:00.000,2271.267,2271.318,2270.959,2271.043,187.14
17.01.2017 11:01:00.000,2271.030,2271.474,2270.902,2271.397,183.13
17.01.2017 11:02:00.000,2271.387,2271.387,2270.218,2270.247,198.67
17.01.2017 11:03:00.000,2270.234,2270.296,2269.460,2269.524,174.58
17.01.2017 11:04:00.000,2269.537,2270.276,2269.526,2270.231,196.08
17.01.2017 11:05:00.000,2270.242,2270.245,2269.817,2269.820,188.24
17.01.2017 11:06:00.000,2269.846,2269.850,2269.321,2269.714,198.04
17.01.2017 11:07:00.000,2269.730,2269.969,2269.651,2269.732,171.32
17.01.2017 11:08:00.000,2269.765,2269.765,2269.515,2269.559,167.24
17.01.2017 11:09:00.000,2269.541,2269.741,2269.494,2269.514,181.13
17.01.2017 11:10:00.000,2269.521,2270.041,2269.469,2270.022,185.02
17.01.2017 11:11:00.000,2270.025,2270.048,2269.510,2269.564,169.49
17.01.2017 11:12:00.000,2269.561,2269.792,2268.793,2268.795,166.94
17.01.2017 11:13:00.000,2268.571,2268.829,2268.515,2268.520,155.64
17.01.2017 11:14:00.000,2268.509,2268.520,2268.248,2268.419,153.5
17.01.2017 11:15:00.000,2268.423,2268.789,2268.119,2268.563,203.07
17.01.2017 11:16:00.000,2268.561,2268.777,2268.539,2268.566,194.89
17.01.2017 11:17:00.000,2268.571,2268.681,2267.475,2267.540,180.84
17.01.2017 11:18:00.000,2267.538,2267.749,2267.374,2267.501,200.32
17.01.2017 11:19:00.000,2267.490,2267.703,2267.335,2267.701,205.11
17.01.2017 11:20:00.000,2267.711,2267.741,2267.301,2267.309,181.42
17.01.2017 11:21:00.000,2267.320,2267.753,2267.032,2267.739,171.03
17.01.2017 11:22:00.000,2267.732,2268.047,2267.570,2268.032,185.66
17.01.2017 11:23:00.000,2268.009,2268.056,2267.532,2267.716,178.71
17.01.2017 11:24:00.000,2267.689,2268.063,2267.689,2267.836,193.34
17.01.2017 11:25:00.000,2267.839,2267.953,2267.204,2267.773,192.01
17.01.2017 11:26:00.000,2267.784,2268.230,2267.773,2268.205,196.53
17.01.2017 11:27:00.000,2268.204,2268.478,2268.085,2268.366,194.05
17.01.2017 11:28:00.000,2268.354,2268.483,2268.273,2268.378,177.9
17.01.2017 11:29:00.000,2268.355,2268.529,2268.256,2268.528,172.54
17.01.2017 11:30:00.000,2268.527,2269.025,2268.439,2268.845,187.82
17.01.2017 11:31:00.000,2268.831,2268.831,2268.338,2268.350,174.65
17.01.2017 11:32:00.000,2268.345,2268.525,2268.097,2268.477,172.86
17.01.2017 11:33:00.000,2268.468,2268.687,2268.297,2268.297,160.89
17.01.2017 11:34:00.000,2268.297,2268.303,2267.752,2267.832,200.63
17.01.2017 11:35:00.000,2267.836,2268.946,2267.822,2268.713,175
17.01.2017 11:36:00.000,2268.723,2268.771,2268.671,2268.713,150.61
17.01.2017 11:37:00.000,2268.735,2268.765,2268.520,2268.765,164.22
17.01.2017 11:38:00.000,2268.752,2269.003,2268.747,2268.811,123.61
17.01.2017 11:39:00.000,2268.822,2269.000,2268.757,2268.988,179.29
17.01.2017 11:40:00.000,2269.014,2269.293,2268.955,2269.059,154.39
17.01.2017 11:41:00.000,2269.052,2269.052,2268.946,2269.034,125.71
17.01.2017 11:42:00.000,2269.060,2269.566,2268.813,2268.925,188.1
17.01.2017 11:43:00.000,2268.908,2269.082,2268.809,2268.892,153.35
17.01.2017 11:44:00.000,2268.890,2269.033,2268.811,2268.823,137.36
17.01.2017 11:45:00.000,2268.822,2269.041,2268.814,2269.029,116.75
17.01.2017 11:46:00.000,2269.030,2269.781,2269.030,2269.757,180.08
17.01.2017 11:47:00.000,2269.756,2269.800,2269.732,2269.759,155.59
17.01.2017 11:48:00.000,2269.756,2269.756,2269.496,2269.711,126.17
17.01.2017 11:49:00.000,2269.722,2269.750,2269.676,2269.731,143.07
17.01.2017 11:50:00.000,2269.735,2270.263,2269.547,2269.732,182.04
17.01.2017 11:51:00.000,2269.742,2270.016,2269.732,2270.003,173.42
17.01.2017 11:52:00.000,2270.002,2270.281,2269.906,2270.238,158.16
17.01.2017 11:53:00.000,2270.238,2270.251,2270.046,2270.057,124.67
17.01.2017 11:54:00.000,2270.054,2270.059,2269.923,2269.931,110.77
17.01.2017 11:55:00.000,2269.932,2270.658,2269.932,2270.536,192.46
17.01.2017 11:56:00.000,2270.556,2270.712,2270.296,2270.469,189.61
17.01.2017 11:57:00.000,2270.470,2270.553,2270.469,2270.542,147.74
17.01.2017 11:58:00.000,2270.543,2270.553,2270.277,2270.481,164.83
17.01.2017 11:59:00.000,2270.480,2270.528,2270.071,2270.245,142.79
17.01.2017 12:00:00.000,2270.227,2270.296,2269.842,2269.985,175.57
17.01.2017 12:01:00.000,2269.941,2270.037,2269.821,2270.021,140.51
17.01.2017 12:02:00.000,2270.032,2270.285,2270.018,2270.240,164.69
17.01.2017 12:03:00.000,2270.229,2270.363,2270.019,2270.321,135.54
17.01.2017 12:04:00.000,2270.337,2270.583,2270.295,2270.564,144.43
17.01.2017 12:05:00.000,2270.573,2270.975,2270.566,2270.944,176
17.01.2017 12:06:00.000,2270.960,2271.218,2270.508,2270.539,171.78
17.01.2017 12:07:00.000,2270.526,2270.769,2270.470,2270.486,157.93
17.01.2017 12:08:00.000,2270.484,2270.501,2269.791,2269.795,153.65
17.01.2017 12:09:00.000,2269.803,2269.906,2269.298,2269.509,171.64
17.01.2017 12:10:00.000,2269.518,2269.589,2269.069,2269.077,177.65
17.01.2017 12:11:00.000,2269.078,2269.078,2268.067,2268.338,225.03
17.01.2017 12:12:00.000,2268.344,2268.528,2268.106,2268.513,167.4
17.01.2017 12:13:00.000,2268.519,2268.979,2268.479,2268.808,155.5
17.01.2017 12:14:00.000,2268.810,2268.856,2268.735,2268.753,123.32
17.01.2017 12:15:00.000,2268.740,2268.765,2268.418,2268.439,148.38
17.01.2017 12:16:00.000,2268.486,2268.799,2268.477,2268.535,157.18
17.01.2017 12:17:00.000,2268.544,2268.757,2268.522,2268.746,153.05
17.01.2017 12:18:00.000,2268.758,2268.768,2268.691,2268.747,112.88
17.01.2017 12:19:00.000,2268.744,2268.978,2268.683,2268.749,139.17
17.01.2017 12:20:00.000,2268.742,2268.956,2268.558,2268.932,201.97
17.01.2017 12:21:00.000,2268.932,2269.497,2268.837,2268.988,149.51
17.01.2017 12:22:00.000,2268.999,2269.039,2268.788,2268.788,152.04
17.01.2017 12:23:00.000,2268.788,2268.795,2268.080,2268.527,174.32
17.01.2017 12:24:00.000,2268.515,2268.966,2268.456,2268.729,139.91
17.01.2017 12:25:00.000,2268.728,2269.468,2268.688,2269.354,176.63
17.01.2017 12:26:00.000,2269.344,2269.888,2269.321,2269.549,160.09
17.01.2017 12:27:00.000,2269.549,2269.632,2269.280,2269.622,155.69
17.01.2017 12:28:00.000,2269.801,2270.031,2269.547,2269.725,194.02
17.01.2017 12:29:00.000,2269.753,2269.798,2269.563,2269.795,134.18
17.01.2017 12:30:00.000,2269.797,2270.197,2269.786,2269.799,140.25
17.01.2017 12:31:00.000,2269.847,2269.847,2269.445,2269.512,132.21
17.01.2017 12:32:00.000,2269.510,2269.950,2269.383,2269.796,157.91
17.01.2017 12:33:00.000,2269.795,2270.445,2269.706,2270.340,158.06
17.01.2017 12:34:00.000,2270.329,2270.346,2270.012,2270.037,150.3
17.01.2017 12:35:00.000,2270.023,2270.265,2270.012,2270.230,144.64
17.01.2017 12:36:00.000,2270.239,2270.241,2269.969,2270.011,118.62
17.01.2017 12:37:00.000,2270.002,2270.002,2269.257,2269.300,150.5
17.01.2017 12:38:00.000,2269.307,2269.549,2269.068,2269.120,154.57
17.01.2017 12:39:00.000,2269.114,2269.306,2268.959,2268.966,135.11
17.01.2017 12:40:00.000,2268.955,2269.294,2268.919,2269.242,162.25
17.01.2017 12:41:00.000,2269.233,2269.886,2269.233,2269.828,173.3
17.01.2017 12:42:00.000,2269.817,2269.817,2269.499,2269.813,140.68
17.01.2017 12:43:00.000,2269.810,2270.046,2269.777,2269.995,128.28
17.01.2017 12:44:00.000,2269.972,2269.972,2269.380,2269.500,147.02
17.01.2017 12:45:00.000,2269.491,2269.747,2269.094,2269.516,148.86
17.01.2017 12:46:00.000,2269.520,2269.568,2268.902,2268.917,130.86
17.01.2017 12:47:00.000,2268.936,2269.051,2268.936,2269.018,110.77
17.01.2017 12:48:00.000,2269.018,2269.772,2269.016,2269.770,168.96
17.01.2017 12:49:00.000,2269.773,2269.988,2269.563,2269.680,181.03
17.01.2017 12:50:00.000,2269.685,2269.833,2269.636,2269.764,128.13
17.01.2017 12:51:00.000,2269.771,2270.295,2269.757,2270.239,147.46
17.01.2017 12:52:00.000,2270.237,2270.498,2269.961,2269.961,181.12
17.01.2017 12:53:00.000,2269.936,2270.243,2269.910,2270.137,158.33
17.01.2017 12:54:00.000,2270.043,2270.088,2268.997,2269.313,195.37
17.01.2017 12:55:00.000,2269.313,2269.331,2269.033,2269.113,149.71
17.01.2017 12:56:00.000,2269.124,2269.133,2268.838,2268.912,142.75
17.01.2017 12:57:00.000,2268.981,2269.060,2268.807,2269.054,142.64
17.01.2017 12:58:00.000,2269.044,2269.341,2269.044,2269.294,117.87
17.01.2017 12:59:00.000,2269.339,2269.356,2269.028,2269.242,158.67
17.01.2017 13:00:00.000,2269.239,2269.448,2268.958,2269.048,145.5
17.01.2017 13:01:00.000,2269.050,2269.328,2269.039,2269.282,127.38
17.01.2017 13:02:00.000,2269.271,2269.326,2269.270,2269.310,117.86
17.01.2017 13:03:00.000,2269.314,2270.016,2269.303,2269.747,132.07
17.01.2017 13:04:00.000,2269.744,2270.080,2269.650,2270.066,140.22
17.01.2017 13:05:00.000,2270.065,2270.065,2269.662,2269.753,152.91
17.01.2017 13:06:00.000,2269.765,2270.018,2269.740,2269.806,114.56
17.01.2017 13:07:00.000,2269.795,2269.993,2269.740,2269.767,119.83
17.01.2017 13:08:00.000,2269.756,2269.759,2269.522,2269.547,95.38
17.01.2017 13:09:00.000,2269.548,2269.791,2269.511,2269.768,119.7
17.01.2017 13:10:00.000,2269.755,2269.823,2269.753,2269.802,84.66
17.01.2017 13:11:00.000,2269.787,2270.018,2269.734,2269.995,102.8
17.01.2017 13:12:00.000,2269.985,2270.623,2269.985,2270.583,170.29
17.01.2017 13:13:00.000,2270.582,2270.590,2270.305,2270.340,106.58
17.01.2017 13:14:00.000,2270.339,2270.481,2270.283,2270.466,103.55
17.01.2017 13:15:00.000,2270.445,2270.573,2270.343,2270.549,119.53
17.01.2017 13:16:00.000,2270.541,2270.738,2270.309,2270.359,131.81
17.01.2017 13:17:00.000,2270.372,2270.532,2270.310,2270.348,128.23
17.01.2017 13:18:00.000,2270.352,2270.555,2270.340,2270.545,129.4
17.01.2017 13:19:00.000,2270.536,2270.814,2270.536,2270.787,141.56
17.01.2017 13:20:00.000,2270.800,2271.341,2270.776,2271.076,197.81
17.01.2017 13:21:00.000,2271.074,2271.146,2270.804,2270.829,145.91
17.01.2017 13:22:00.000,2270.841,2270.844,2270.565,2270.807,149.41
17.01.2017 13:23:00.000,2270.830,2270.830,2270.567,2270.757,161.7
17.01.2017 13:24:00.000,2270.755,2270.909,2270.583,2270.809,155.64
17.01.2017 13:25:00.000,2270.818,2271.031,2270.807,2270.821,139.75
17.01.2017 13:26:00.000,2270.821,2270.821,2270.723,2270.770,127.82
17.01.2017 13:27:00.000,2270.779,2270.797,2270.550,2270.755,148.89
17.01.2017 13:28:00.000,2270.746,2270.826,2270.571,2270.582,135.08
17.01.2017 13:29:00.000,2270.568,2270.769,2270.510,2270.755,137.8
17.01.2017 13:30:00.000,2270.765,2271.011,2270.755,2270.858,168.95
17.01.2017 13:31:00.000,2270.837,2270.980,2270.598,2270.773,134.51
17.01.2017 13:32:00.000,2270.784,2271.079,2270.776,2271.016,117.73
17.01.2017 13:33:00.000,2271.046,2271.154,2270.802,2271.131,159.86
17.01.2017 13:34:00.000,2271.130,2271.249,2271.005,2271.005,144.28
17.01.2017 13:35:00.000,2270.989,2271.104,2270.829,2271.059,139.66
17.01.2017 13:36:00.000,2271.067,2271.239,2271.017,2271.046,154.44
17.01.2017 13:37:00.000,2271.035,2271.132,2270.811,2271.060,129.83
17.01.2017 13:38:00.000,2271.055,2271.091,2271.019,2271.064,94.62
17.01.2017 13:39:00.000,2271.062,2271.249,2270.813,2270.820,138.89
17.01.2017 13:40:00.000,2270.809,2270.822,2270.551,2270.551,133.89
17.01.2017 13:41:00.000,2270.539,2270.615,2270.522,2270.608,125.44
17.01.2017 13:42:00.000,2270.598,2270.605,2270.351,2270.538,147.91
17.01.2017 13:43:00.000,2270.549,2270.555,2270.074,2270.076,136.61
17.01.2017 13:44:00.000,2270.076,2270.522,2270.060,2270.298,131.17
17.01.2017 13:45:00.000,2270.298,2270.303,2270.187,2270.260,149.26
17.01.2017 13:46:00.000,2270.267,2270.551,2270.260,2270.551,129.8
17.01.2017 13:47:00.000,2270.554,2270.932,2270.554,2270.572,139.77
17.01.2017 13:48:00.000,2270.580,2270.788,2270.566,2270.734,135.69
17.01.2017 13:49:00.000,2270.721,2270.772,2270.293,2270.293,135.25
17.01.2017 13:50:00.000,2270.294,2270.374,2270.090,2270.328,150.08
17.01.2017 13:51:00.000,2270.325,2270.325,2270.195,2270.271,142.76
17.01.2017 13:52:00.000,2270.272,2270.292,2270.115,2270.267,145.94
17.01.2017 13:53:00.000,2270.257,2270.271,2270.043,2270.049,103.85
17.01.2017 13:54:00.000,2270.060,2270.060,2269.784,2269.791,146.93
17.01.2017 13:55:00.000,2269.786,2270.018,2269.757,2270.007,144.88
17.01.2017 13:56:00.000,2269.998,2270.057,2269.968,2270.048,124.5
17.01.2017 13:57:00.000,2270.059,2270.066,2270.042,2270.051,64.74
17.01.2017 13:58:00.000,2270.051,2270.063,2269.995,2270.054,96.28
17.01.2017 13:59:00.000,2270.053,2270.333,2270.035,2270.270,102.48
17.01.2017 14:00:00.000,2270.270,2270.300,2269.934,2270.112,156.08
17.01.2017 14:01:00.000,2270.122,2270.345,2270.110,2270.339,129.65
17.01.2017 14:02:00.000,2270.339,2270.642,2270.271,2270.524,138.72
17.01.2017 14:03:00.000,2270.516,2270.721,2270.485,2270.598,138.77
17.01.2017 14:04:00.000,2270.589,2270.740,2270.264,2270.278,197
17.01.2017 14:05:00.000,2270.281,2270.292,2270.052,2270.097,103.88
17.01.2017 14:06:00.000,2270.095,2270.207,2269.829,2270.206,161.69
17.01.2017 14:07:00.000,2270.211,2270.549,2270.157,2270.549,135.68
17.01.2017 14:08:00.000,2270.542,2270.799,2270.542,2270.645,166.06
17.01.2017 14:09:00.000,2270.579,2270.589,2270.445,2270.469,127.82
17.01.2017 14:10:00.000,2270.477,2270.477,2270.245,2270.276,115.02
17.01.2017 14:11:00.000,2270.285,2270.285,2269.840,2270.023,134.64
17.01.2017 14:12:00.000,2270.024,2270.105,2269.828,2269.845,114.02
17.01.2017 14:13:00.000,2269.859,2270.083,2269.846,2270.047,116.06
17.01.2017 14:14:00.000,2270.036,2270.048,2269.853,2269.988,132.44
17.01.2017 14:15:00.000,2269.981,2270.009,2269.558,2269.558,86.97
17.01.2017 14:16:00.000,2269.566,2269.566,2269.220,2269.245,139.61
17.01.2017 14:17:00.000,2269.252,2269.263,2269.079,2269.083,128.58
17.01.2017 14:18:00.000,2269.072,2269.244,2269.057,2269.057,102.79
17.01.2017 14:19:00.000,2269.059,2269.059,2268.557,2268.558,133.59
17.01.2017 14:20:00.000,2268.548,2268.548,2267.336,2267.471,184.16
17.01.2017 14:21:00.000,2267.470,2267.842,2267.444,2267.753,194.1
17.01.2017 14:22:00.000,2267.765,2267.776,2267.285,2267.421,206.83
17.01.2017 14:23:00.000,2267.440,2267.610,2267.425,2267.518,144.89
17.01.2017 14:24:00.000,2267.517,2267.624,2266.980,2266.986,167.45
17.01.2017 14:25:00.000,2266.999,2266.999,2266.278,2266.342,210.22
17.01.2017 14:26:00.000,2266.345,2266.561,2266.057,2266.561,214.69
17.01.2017 14:27:00.000,2266.535,2266.652,2266.528,2266.574,153.01
17.01.2017 14:28:00.000,2266.574,2266.574,2266.029,2266.064,181.75
17.01.2017 14:29:00.000,2266.063,2266.256,2265.824,2266.064,172.14
17.01.2017 14:30:00.000,2266.089,2266.101,2265.558,2265.570,169.04
17.01.2017 14:31:00.000,2265.580,2266.361,2265.477,2266.328,198.78
17.01.2017 14:32:00.000,2266.317,2266.396,2266.254,2266.287,166.48
17.01.2017 14:33:00.000,2266.283,2266.338,2266.189,2266.229,170.53
17.01.2017 14:34:00.000,2266.232,2266.243,2265.923,2265.969,186.09
17.01.2017 14:35:00.000,2265.928,2265.950,2265.079,2265.108,166.25
17.01.2017 14:36:00.000,2265.108,2265.109,2263.962,2264.209,212.98
17.01.2017 14:37:00.000,2264.205,2264.261,2263.343,2263.591,195.19
17.01.2017 14:38:00.000,2263.579,2264.147,2263.304,2263.980,235.96
17.01.2017 14:39:00.000,2263.979,2264.476,2263.975,2264.369,186.36
17.01.2017 14:40:00.000,2264.353,2264.360,2263.511,2263.577,189.32
17.01.2017 14:41:00.000,2263.568,2263.786,2263.296,2263.556,184.45
17.01.2017 14:42:00.000,2263.533,2264.287,2263.519,2264.271,176.07
17.01.2017 14:43:00.000,2264.282,2265.037,2264.235,2264.844,207.38
17.01.2017 14:44:00.000,2264.831,2265.244,2264.830,2265.047,181.34
17.01.2017 14:45:00.000,2265.053,2265.236,2264.774,2264.830,219.83
17.01.2017 14:46:00.000,2264.803,2264.968,2264.747,2264.776,150.47
17.01.2017 14:47:00.000,2264.785,2265.067,2264.535,2265.053,149.89
17.01.2017 14:48:00.000,2265.072,2265.593,2265.071,2265.567,186.13
17.01.2017 14:49:00.000,2265.556,2265.595,2264.722,2264.777,164.98
17.01.2017 14:50:00.000,2264.777,2265.154,2264.444,2264.513,160.48
17.01.2017 14:51:00.000,2264.502,2264.547,2264.242,2264.287,134.78
17.01.2017 14:52:00.000,2264.276,2264.580,2263.556,2263.558,191.41
17.01.2017 14:53:00.000,2263.558,2263.841,2262.784,2263.750,226.79
17.01.2017 14:54:00.000,2263.759,2263.823,2263.464,2263.753,222.21
17.01.2017 14:55:00.000,2263.753,2263.786,2263.333,2263.538,182.65
17.01.2017 14:56:00.000,2263.539,2264.331,2263.249,2264.064,171.5
17.01.2017 14:57:00.000,2264.089,2264.089,2263.778,2264.001,172.69
17.01.2017 14:58:00.000,2263.997,2264.295,2263.997,2264.231,163.05
17.01.2017 14:59:00.000,2264.175,2264.489,2263.830,2264.455,206.13
17.01.2017 15:00:00.000,2264.455,2264.509,2263.529,2263.534,209.81
17.01.2017 15:01:00.000,2263.523,2263.901,2263.462,2263.474,230.25
17.01.2017 15:02:00.000,2263.486,2263.742,2262.752,2262.752,173.89
17.01.2017 15:03:00.000,2262.741,2263.016,2262.301,2263.016,217.03
17.01.2017 15:04:00.000,2262.998,2263.297,2262.971,2263.220,186.18
17.01.2017 15:05:00.000,2263.480,2263.489,2263.071,2263.091,234.71
17.01.2017 15:06:00.000,2263.090,2263.098,2262.327,2262.475,200.18
17.01.2017 15:07:00.000,2262.476,2263.303,2262.476,2263.054,241.43
17.01.2017 15:08:00.000,2263.053,2263.053,2262.525,2262.610,196.26
17.01.2017 15:09:00.000,2262.579,2262.599,2262.315,2262.568,202.28
17.01.2017 15:10:00.000,2262.566,2263.069,2262.357,2263.053,193.97
17.01.2017 15:11:00.000,2263.051,2263.730,2262.983,2263.725,180.42
17.01.2017 15:12:00.000,2263.625,2263.776,2263.498,2263.734,185.83
17.01.2017 15:13:00.000,2263.585,2264.078,2263.583,2263.978,209.16
17.01.2017 15:14:00.000,2263.965,2264.036,2263.550,2263.570,182.77
17.01.2017 15:15:00.000,2263.562,2263.731,2263.339,2263.361,159.67
17.01.2017 15:16:00.000,2263.350,2264.007,2263.330,2263.999,147.02
17.01.2017 15:17:00.000,2263.989,2264.373,2263.894,2264.239,211.03
17.01.2017 15:18:00.000,2264.250,2264.503,2263.937,2264.290,196.25
17.01.2017 15:19:00.000,2264.291,2264.304,2264.017,2264.039,160.92
17.01.2017 15:20:00.000,2264.048,2264.361,2263.824,2264.327,131.51
17.01.2017 15:21:00.000,2264.313,2264.524,2264.294,2264.488,216.79
17.01.2017 15:22:00.000,2264.509,2264.770,2264.509,2264.758,141.45
17.01.2017 15:23:00.000,2264.771,2264.780,2264.355,2264.425,165.62
17.01.2017 15:24:00.000,2264.446,2264.595,2264.268,2264.268,151.84
17.01.2017 15:25:00.000,2264.281,2264.621,2264.029,2264.556,179.49
17.01.2017 15:26:00.000,2264.544,2264.553,2264.236,2264.236,158.77
17.01.2017 15:27:00.000,2264.243,2264.545,2263.970,2263.985,158.33
17.01.2017 15:28:00.000,2263.986,2264.033,2263.542,2263.551,180.69
17.01.2017 15:29:00.000,2263.551,2263.869,2263.543,2263.858,156.21
17.01.2017 15:30:00.000,2263.871,2263.897,2263.717,2263.750,144.07
17.01.2017 15:31:00.000,2263.751,2264.719,2263.751,2264.719,205.34
17.01.2017 15:32:00.000,2264.729,2264.979,2264.335,2264.972,144.61
17.01.2017 15:33:00.000,2264.985,2265.478,2264.985,2265.478,189.76
17.01.2017 15:34:00.000,2265.476,2265.747,2265.182,2265.537,199.42
17.01.2017 15:35:00.000,2265.547,2265.748,2265.056,2265.521,199.43
17.01.2017 15:36:00.000,2265.520,2265.753,2265.251,2265.472,197.75
17.01.2017 15:37:00.000,2265.463,2265.585,2265.316,2265.355,179.52
17.01.2017 15:38:00.000,2265.355,2265.710,2265.189,2265.257,175.7
17.01.2017 15:39:00.000,2265.257,2266.473,2265.253,2266.072,215.46
17.01.2017 15:40:00.000,2266.072,2266.119,2265.545,2265.764,163.53
17.01.2017 15:41:00.000,2265.752,2265.997,2265.551,2265.994,154.13
17.01.2017 15:42:00.000,2266.006,2266.011,2265.418,2265.496,180.15
17.01.2017 15:43:00.000,2265.498,2265.559,2265.303,2265.509,153.25
17.01.2017 15:44:00.000,2265.507,2266.019,2265.425,2265.876,186.27
17.01.2017 15:45:00.000,2265.890,2266.197,2265.544,2265.789,196.39
17.01.2017 15:46:00.000,2265.798,2265.881,2265.772,2265.796,106.1
17.01.2017 15:47:00.000,2265.765,2265.771,2265.353,2265.363,158.07
17.01.2017 15:48:00.000,2265.337,2265.600,2265.321,2265.600,138.43
17.01.2017 15:49:00.000,2265.586,2266.022,2265.552,2265.842,204.06
17.01.2017 15:50:00.000,2265.827,2266.525,2265.790,2266.452,188.24
17.01.2017 15:51:00.000,2266.452,2266.452,2265.800,2265.800,151.54
17.01.2017 15:52:00.000,2265.801,2266.081,2265.772,2265.780,160.45
17.01.2017 15:53:00.000,2265.798,2265.825,2265.597,2265.817,153.06
17.01.2017 15:54:00.000,2265.815,2266.317,2265.618,2266.306,172.55
17.01.2017 15:55:00.000,2266.310,2266.495,2266.004,2266.289,174.84
17.01.2017 15:56:00.000,2266.298,2266.305,2265.990,2266.050,160.49
17.01.2017 15:57:00.000,2266.039,2266.753,2266.039,2266.715,197.75
17.01.2017 15:58:00.000,2266.704,2266.827,2266.565,2266.760,155.33
17.01.2017 15:59:00.000,2266.757,2267.620,2266.680,2267.114,225.55
17.01.2017 16:00:00.000,2267.114,2267.519,2267.114,2267.270,4.7
17.01.2017 16:01:00.000,2267.270,2267.270,2267.270,2267.270,0
17.01.2017 16:02:00.000,2267.270,2267.270,2267.270,2267.270,0
17.01.2017 16:03:00.000,2267.270,2267.270,2267.270,2267.270,0
17.01.2017 16:04:00.000,2267.270,2267.270,2267.270,2267.270,0
17.01.2017 16:05:00.000,2267.270,2267.270,2267.270,2267.270,0
17.01.2017 16:06:00.000,2267.270,2267.270,2267.270,2267.270,0
17.01.2017 16:07:00.000,2267.270,2267.270,2267.270,2267.270,0
17.01.2017 16:08:00.000,2267.270,2267.270,2267.270,2267.270,0
17.01.2017 16:09:00.000,2267.270,2267.270,2267.270,2267.270,0
17.01.2017 16:10:00.000,2267.270,2267.270,2267.270,2267.270,0
17.01.2017 16:11:00.000,2267.270,2267.270,2267.270,2267.270,0
17.01.2017 16:12:00.000,2267.270,2267.270,2267.270,2267.270,0
17.01.2017 16:13:00.000,2267.270,2267.270,2267.270,2267.270,0
17.01.2017 16:14:00.000,2267.270,2267.270,2267.270,2267.270,0
17.01.2017 16:15:00.000,2267.270,2267.270,2267.270,2267.270,0
17.01.2017 16:16:00.000,2267.270,2267.270,2267.270,2267.270,0
17.01.2017 16:17:00.000,2267.270,2267.270,2267.270,2267.270,0
17.01.2017 16:18:00.000,2267.270,2267.270,2267.270,2267.270,0
17.01.2017 16:19:00.000,2267.270,2267.270,2267.270,2267.270,0
17.01.2017 16:20:00.000,2267.270,2267.270,2267.270,2267.270,0
17.01.2017 16:21:00.000,2267.270,2267.270,2267.270,2267.270,0
17.01.2017 16:22:00.000,2267.270,2267.270,2267.270,2267.270,0
17.01.2017 16:23:00.000,2267.270,2267.270,2267.270,2267.270,0
17.01.2017 16:24:00.000,2267.270,2267.270,2267.270,2267.270,0
17.01.2017 16:25:00.000,2267.270,2267.270,2267.270,2267.270,0
17.01.2017 16:26:00.000,2267.270,2267.270,2267.270,2267.270,0
17.01.2017 16:27:00.000,2267.270,2267.270,2267.270,2267.270,0
17.01.2017 16:28:00.000,2267.270,2267.270,2267.270,2267.270,0
17.01.2017 16:29:00.000,2267.270,2267.270,2267.270,2267.270,0
17.01.2017 16:30:00.000,2267.270,2267.270,2267.270,2267.270,0
17.01.2017 16:31:00.000,2267.270,2267.270,2267.270,2267.270,0
17.01.2017 16:32:00.000,2267.270,2267.270,2267.270,2267.270,0
17.01.2017 16:33:00.000,2267.270,2267.270,2267.270,2267.270,0
17.01.2017 16:34:00.000,2267.270,2267.270,2267.270,2267.270,0
17.01.2017 16:35:00.000,2267.270,2267.270,2267.270,2267.270,0
17.01.2017 16:36:00.000,2267.270,2267.270,2267.270,2267.270,0
17.01.2017 16:37:00.000,2267.270,2267.270,2267.270,2267.270,0
17.01.2017 16:38:00.000,2267.270,2267.270,2267.270,2267.270,0
17.01.2017 16:39:00.000,2267.270,2267.270,2267.270,2267.270,0
17.01.2017 16:40:00.000,2267.270,2267.270,2267.270,2267.270,0
17.01.2017 16:41:00.000,2267.270,2267.270,2267.270,2267.270,0
17.01.2017 16:42:00.000,2267.270,2267.270,2267.270,2267.270,0
17.01.2017 16:43:00.000,2267.270,2267.270,2267.270,2267.270,0
17.01.2017 16:44:00.000,2267.270,2267.270,2267.270,2267.270,0
17.01.2017 16:45:00.000,2267.270,2267.270,2267.270,2267.270,0
17.01.2017 16:46:00.000,2267.270,2267.270,2267.270,2267.270,0
17.01.2017 16:47:00.000,2267.270,2267.270,2267.270,2267.270,0
17.01.2017 16:48:00.000,2267.270,2267.270,2267.270,2267.270,0
17.01.2017 16:49:00.000,2267.270,2267.270,2267.270,2267.270,0
17.01.2017 16:50:00.000,2267.270,2267.270,2267.270,2267.270,0
17.01.2017 16:51:00.000,2267.270,2267.270,2267.270,2267.270,0
17.01.2017 16:52:00.000,2267.270,2267.270,2267.270,2267.270,0
17.01.2017 16:53:00.000,2267.270,2267.270,2267.270,2267.270,0
17.01.2017 16:54:00.000,2267.270,2267.270,2267.270,2267.270,0
17.01.2017 16:55:00.000,2267.270,2267.270,2267.270,2267.270,0
17.01.2017 16:56:00.000,2267.270,2267.270,2267.270,2267.270,0
17.01.2017 16:57:00.000,2267.270,2267.270,2267.270,2267.270,0
17.01.2017 16:58:00.000,2267.270,2267.270,2267.270,2267.270,0
17.01.2017 16:59:00.000,2267.270,2267.270,2267.270,2267.270,0
17.01.2017 17:00:00.000,2267.270,2267.270,2267.270,2267.270,0
17.01.2017 17:01:00.000,2267.270,2267.270,2267.270,2267.270,0
17.01.2017 17:02:00.000,2267.270,2267.270,2267.270,2267.270,0
17.01.2017 17:03:00.000,2267.270,2267.270,2267.270,2267.270,0
17.01.2017 17:04:00.000,2267.270,2267.270,2267.270,2267.270,0
17.01.2017 17:05:00.000,2267.270,2267.270,2267.270,2267.270,0
17.01.2017 17:06:00.000,2267.270,2267.270,2267.270,2267.270,0
17.01.2017 17:07:00.000,2267.270,2267.270,2267.270,2267.270,0
17.01.2017 17:08:00.000,2267.270,2267.270,2267.270,2267.270,0
17.01.2017 17:09:00.000,2267.270,2267.270,2267.270,2267.270,0
17.01.2017 17:10:00.000,2267.270,2267.270,2267.270,2267.270,0
17.01.2017 17:11:00.000,2267.270,2267.270,2267.270,2267.270,0
17.01.2017 17:12:00.000,2267.270,2267.270,2267.270,2267.270,0
17.01.2017 17:13:00.000,2267.270,2267.270,2267.270,2267.270,0
17.01.2017 17:14:00.000,2267.270,2267.270,2267.270,2267.270,0
17.01.2017 17:15:00.000,2267.270,2267.270,2267.270,2267.270,0
17.01.2017 17:16:00.000,2267.270,2267.270,2267.270,2267.270,0
17.01.2017 17:17:00.000,2267.270,2267.270,2267.270,2267.270,0
17.01.2017 17:18:00.000,2267.270,2267.270,2267.270,2267.270,0
17.01.2017 17:19:00.000,2267.270,2267.270,2267.270,2267.270,0
17.01.2017 17:20:00.000,2267.270,2267.270,2267.270,2267.270,0
17.01.2017 17:21:00.000,2267.270,2267.270,2267.270,2267.270,0
17.01.2017 17:22:00.000,2267.270,2267.270,2267.270,2267.270,0
17.01.2017 17:23:00.000,2267.270,2267.270,2267.270,2267.270,0
17.01.2017 17:24:00.000,2267.270,2267.270,2267.270,2267.270,0
17.01.2017 17:25:00.000,2267.270,2267.270,2267.270,2267.270,0
17.01.2017 17:26:00.000,2267.270,2267.270,2267.270,2267.270,0
17.01.2017 17:27:00.000,2267.270,2267.270,2267.270,2267.270,0
17.01.2017 17:28:00.000,2267.270,2267.270,2267.270,2267.270,0
17.01.2017 17:29:00.000,2267.270,2267.270,2267.270,2267.270,0
17.01.2017 17:30:00.000,2267.270,2267.270,2267.270,2267.270,0
17.01.2017 17:31:00.000,2267.270,2267.270,2267.270,2267.270,0
17.01.2017 17:32:00.000,2267.270,2267.270,2267.270,2267.270,0
17.01.2017 17:33:00.000,2267.270,2267.270,2267.270,2267.270,0
17.01.2017 17:34:00.000,2267.270,2267.270,2267.270,2267.270,0
17.01.2017 17:35:00.000,2267.270,2267.270,2267.270,2267.270,0
17.01.2017 17:36:00.000,2267.270,2267.270,2267.270,2267.270,0
17.01.2017 17:37:00.000,2267.270,2267.270,2267.270,2267.270,0
17.01.2017 17:38:00.000,2267.270,2267.270,2267.270,2267.270,0
17.01.2017 17:39:00.000,2267.270,2267.270,2267.270,2267.270,0
17.01.2017 17:40:00.000,2267.270,2267.270,2267.270,2267.270,0
17.01.2017 17:41:00.000,2267.270,2267.270,2267.270,2267.270,0
17.01.2017 17:42:00.000,2267.270,2267.270,2267.270,2267.270,0
17.01.2017 17:43:00.000,2267.270,2267.270,2267.270,2267.270,0
17.01.2017 17:44:00.000,2267.270,2267.270,2267.270,2267.270,0
17.01.2017 17:45:00.000,2267.270,2267.270,2267.270,2267.270,0
17.01.2017 17:46:00.000,2267.270,2267.270,2267.270,2267.270,0
17.01.2017 17:47:00.000,2267.270,2267.270,2267.270,2267.270,0
17.01.2017 17:48:00.000,2267.270,2267.270,2267.270,2267.270,0
17.01.2017 17:49:00.000,2267.270,2267.270,2267.270,2267.270,0
17.01.2017 17:50:00.000,2267.270,2267.270,2267.270,2267.270,0
17.01.2017 17:51:00.000,2267.270,2267.270,2267.270,2267.270,0
17.01.2017 17:52:00.000,2267.270,2267.270,2267.270,2267.270,0
17.01.2017 17:53:00.000,2267.270,2267.270,2267.270,2267.270,0
17.01.2017 17:54:00.000,2267.270,2267.270,2267.270,2267.270,0
17.01.2017 17:55:00.000,2267.270,2267.270,2267.270,2267.270,0
17.01.2017 17:56:00.000,2267.270,2267.270,2267.270,2267.270,0
17.01.2017 17:57:00.000,2267.270,2267.270,2267.270,2267.270,0
17.01.2017 17:58:00.000,2267.270,2267.270,2267.270,2267.270,0
17.01.2017 17:59:00.000,2267.270,2267.270,2267.270,2267.270,0
17.01.2017 18:00:00.000,2267.270,2267.270,2267.270,2267.270,0
17.01.2017 18:01:00.000,2267.270,2267.270,2267.270,2267.270,0
17.01.2017 18:02:00.000,2267.270,2267.270,2267.270,2267.270,0
17.01.2017 18:03:00.000,2267.270,2267.270,2267.270,2267.270,0
17.01.2017 18:04:00.000,2267.270,2267.270,2267.270,2267.270,0
17.01.2017 18:05:00.000,2267.270,2267.270,2267.270,2267.270,0
17.01.2017 18:06:00.000,2267.270,2267.270,2267.270,2267.270,0
17.01.2017 18:07:00.000,2267.270,2267.270,2267.270,2267.270,0
17.01.2017 18:08:00.000,2267.270,2267.270,2267.270,2267.270,0
17.01.2017 18:09:00.000,2267.270,2267.270,2267.270,2267.270,0
17.01.2017 18:10:00.000,2267.270,2267.270,2267.270,2267.270,0
17.01.2017 18:11:00.000,2267.270,2267.270,2267.270,2267.270,0
17.01.2017 18:12:00.000,2267.270,2267.270,2267.270,2267.270,0
17.01.2017 18:13:00.000,2267.270,2267.270,2267.270,2267.270,0
17.01.2017 18:14:00.000,2267.270,2267.270,2267.270,2267.270,0
17.01.2017 18:15:00.000,2267.270,2267.270,2267.270,2267.270,0
17.01.2017 18:16:00.000,2267.270,2267.270,2267.270,2267.270,0
17.01.2017 18:17:00.000,2267.270,2267.270,2267.270,2267.270,0
17.01.2017 18:18:00.000,2267.270,2267.270,2267.270,2267.270,0
17.01.2017 18:19:00.000,2267.270,2267.270,2267.270,2267.270,0
17.01.2017 18:20:00.000,2267.270,2267.270,2267.270,2267.270,0
17.01.2017 18:21:00.000,2267.270,2267.270,2267.270,2267.270,0
17.01.2017 18:22:00.000,2267.270,2267.270,2267.270,2267.270,0
17.01.2017 18:23:00.000,2267.270,2267.270,2267.270,2267.270,0
17.01.2017 18:24:00.000,2267.270,2267.270,2267.270,2267.270,0
17.01.2017 18:25:00.000,2267.270,2267.270,2267.270,2267.270,0
17.01.2017 18:26:00.000,2267.270,2267.270,2267.270,2267.270,0
17.01.2017 18:27:00.000,2267.270,2267.270,2267.270,2267.270,0
17.01.2017 18:28:00.000,2267.270,2267.270,2267.270,2267.270,0
17.01.2017 18:29:00.000,2267.270,2267.270,2267.270,2267.270,0
17.01.2017 18:30:00.000,2267.270,2267.270,2267.270,2267.270,0
17.01.2017 18:31:00.000,2267.270,2267.270,2267.270,2267.270,0
17.01.2017 18:32:00.000,2267.270,2267.270,2267.270,2267.270,0
17.01.2017 18:33:00.000,2267.270,2267.270,2267.270,2267.270,0
17.01.2017 18:34:00.000,2267.270,2267.270,2267.270,2267.270,0
17.01.2017 18:35:00.000,2267.270,2267.270,2267.270,2267.270,0
17.01.2017 18:36:00.000,2267.270,2267.270,2267.270,2267.270,0
17.01.2017 18:37:00.000,2267.270,2267.270,2267.270,2267.270,0
17.01.2017 18:38:00.000,2267.270,2267.270,2267.270,2267.270,0
17.01.2017 18:39:00.000,2267.270,2267.270,2267.270,2267.270,0
17.01.2017 18:40:00.000,2267.270,2267.270,2267.270,2267.270,0
17.01.2017 18:41:00.000,2267.270,2267.270,2267.270,2267.270,0
17.01.2017 18:42:00.000,2267.270,2267.270,2267.270,2267.270,0
17.01.2017 18:43:00.000,2267.270,2267.270,2267.270,2267.270,0
17.01.2017 18:44:00.000,2267.270,2267.270,2267.270,2267.270,0
17.01.2017 18:45:00.000,2267.270,2267.270,2267.270,2267.270,0
17.01.2017 18:46:00.000,2267.270,2267.270,2267.270,2267.270,0
17.01.2017 18:47:00.000,2267.270,2267.270,2267.270,2267.270,0
17.01.2017 18:48:00.000,2267.270,2267.270,2267.270,2267.270,0
17.01.2017 18:49:00.000,2267.270,2267.270,2267.270,2267.270,0
17.01.2017 18:50:00.000,2267.270,2267.270,2267.270,2267.270,0
17.01.2017 18:51:00.000,2267.270,2267.270,2267.270,2267.270,0
17.01.2017 18:52:00.000,2267.270,2267.270,2267.270,2267.270,0
17.01.2017 18:53:00.000,2267.270,2267.270,2267.270,2267.270,0
17.01.2017 18:54:00.000,2267.270,2267.270,2267.270,2267.270,0
17.01.2017 18:55:00.000,2267.270,2267.270,2267.270,2267.270,0
17.01.2017 18:56:00.000,2267.270,2267.270,2267.270,2267.270,0
17.01.2017 18:57:00.000,2267.270,2267.270,2267.270,2267.270,0
17.01.2017 18:58:00.000,2267.270,2267.270,2267.270,2267.270,0
17.01.2017 18:59:00.000,2267.270,2267.270,2267.270,2267.270,0
17.01.2017 19:00:00.000,2267.270,2267.270,2267.270,2267.270,0
17.01.2017 19:01:00.000,2267.270,2267.270,2267.270,2267.270,0
17.01.2017 19:02:00.000,2267.270,2267.270,2267.270,2267.270,0
17.01.2017 19:03:00.000,2267.270,2267.270,2267.270,2267.270,0
17.01.2017 19:04:00.000,2267.270,2267.270,2267.270,2267.270,0
17.01.2017 19:05:00.000,2267.270,2267.270,2267.270,2267.270,0
17.01.2017 19:06:00.000,2267.270,2267.270,2267.270,2267.270,0
17.01.2017 19:07:00.000,2267.270,2267.270,2267.270,2267.270,0
17.01.2017 19:08:00.000,2267.270,2267.270,2267.270,2267.270,0
17.01.2017 19:09:00.000,2267.270,2267.270,2267.270,2267.270,0
17.01.2017 19:10:00.000,2267.270,2267.270,2267.270,2267.270,0
17.01.2017 19:11:00.000,2267.270,2267.270,2267.270,2267.270,0
17.01.2017 19:12:00.000,2267.270,2267.270,2267.270,2267.270,0
17.01.2017 19:13:00.000,2267.270,2267.270,2267.270,2267.270,0
17.01.2017 19:14:00.000,2267.270,2267.270,2267.270,2267.270,0
17.01.2017 19:15:00.000,2267.270,2267.270,2267.270,2267.270,0
17.01.2017 19:16:00.000,2267.270,2267.270,2267.270,2267.270,0
17.01.2017 19:17:00.000,2267.270,2267.270,2267.270,2267.270,0
17.01.2017 19:18:00.000,2267.270,2267.270,2267.270,2267.270,0
17.01.2017 19:19:00.000,2267.270,2267.270,2267.270,2267.270,0
17.01.2017 19:20:00.000,2267.270,2267.270,2267.270,2267.270,0
17.01.2017 19:21:00.000,2267.270,2267.270,2267.270,2267.270,0
17.01.2017 19:22:00.000,2267.270,2267.270,2267.270,2267.270,0
17.01.2017 19:23:00.000,2267.270,2267.270,2267.270,2267.270,0
17.01.2017 19:24:00.000,2267.270,2267.270,2267.270,2267.270,0
17.01.2017 19:25:00.000,2267.270,2267.270,2267.270,2267.270,0
17.01.2017 19:26:00.000,2267.270,2267.270,2267.270,2267.270,0
17.01.2017 19:27:00.000,2267.270,2267.270,2267.270,2267.270,0
17.01.2017 19:28:00.000,2267.270,2267.270,2267.270,2267.270,0
17.01.2017 19:29:00.000,2267.270,2267.270,2267.270,2267.270,0
17.01.2017 19:30:00.000,2267.270,2267.270,2267.270,2267.270,0
17.01.2017 19:31:00.000,2267.270,2267.270,2267.270,2267.270,0
17.01.2017 19:32:00.000,2267.270,2267.270,2267.270,2267.270,0
17.01.2017 19:33:00.000,2267.270,2267.270,2267.270,2267.270,0
17.01.2017 19:34:00.000,2267.270,2267.270,2267.270,2267.270,0
17.01.2017 19:35:00.000,2267.270,2267.270,2267.270,2267.270,0
17.01.2017 19:36:00.000,2267.270,2267.270,2267.270,2267.270,0
17.01.2017 19:37:00.000,2267.270,2267.270,2267.270,2267.270,0
17.01.2017 19:38:00.000,2267.270,2267.270,2267.270,2267.270,0
17.01.2017 19:39:00.000,2267.270,2267.270,2267.270,2267.270,0
17.01.2017 19:40:00.000,2267.270,2267.270,2267.270,2267.270,0
17.01.2017 19:41:00.000,2267.270,2267.270,2267.270,2267.270,0
17.01.2017 19:42:00.000,2267.270,2267.270,2267.270,2267.270,0
17.01.2017 19:43:00.000,2267.270,2267.270,2267.270,2267.270,0
17.01.2017 19:44:00.000,2267.270,2267.270,2267.270,2267.270,0
17.01.2017 19:45:00.000,2267.270,2267.270,2267.270,2267.270,0
17.01.2017 19:46:00.000,2267.270,2267.270,2267.270,2267.270,0
17.01.2017 19:47:00.000,2267.270,2267.270,2267.270,2267.270,0
17.01.2017 19:48:00.000,2267.270,2267.270,2267.270,2267.270,0
17.01.2017 19:49:00.000,2267.270,2267.270,2267.270,2267.270,0
17.01.2017 19:50:00.000,2267.270,2267.270,2267.270,2267.270,0
17.01.2017 19:51:00.000,2267.270,2267.270,2267.270,2267.270,0
17.01.2017 19:52:00.000,2267.270,2267.270,2267.270,2267.270,0
17.01.2017 19:53:00.000,2267.270,2267.270,2267.270,2267.270,0
17.01.2017 19:54:00.000,2267.270,2267.270,2267.270,2267.270,0
17.01.2017 19:55:00.000,2267.270,2267.270,2267.270,2267.270,0
17.01.2017 19:56:00.000,2267.270,2267.270,2267.270,2267.270,0
17.01.2017 19:57:00.000,2267.270,2267.270,2267.270,2267.270,0
17.01.2017 19:58:00.000,2267.270,2267.270,2267.270,2267.270,0
17.01.2017 19:59:00.000,2267.270,2267.270,2267.270,2267.270,0
17.01.2017 20:00:00.000,2267.270,2267.270,2267.270,2267.270,0
17.01.2017 20:01:00.000,2267.270,2267.270,2267.270,2267.270,0
17.01.2017 20:02:00.000,2267.270,2267.270,2267.270,2267.270,0
17.01.2017 20:03:00.000,2267.270,2267.270,2267.270,2267.270,0
17.01.2017 20:04:00.000,2267.270,2267.270,2267.270,2267.270,0
17.01.2017 20:05:00.000,2267.270,2267.270,2267.270,2267.270,0
17.01.2017 20:06:00.000,2267.270,2267.270,2267.270,2267.270,0
17.01.2017 20:07:00.000,2267.270,2267.270,2267.270,2267.270,0
17.01.2017 20:08:00.000,2267.270,2267.270,2267.270,2267.270,0
17.01.2017 20:09:00.000,2267.270,2267.270,2267.270,2267.270,0
17.01.2017 20:10:00.000,2267.270,2267.270,2267.270,2267.270,0
17.01.2017 20:11:00.000,2267.270,2267.270,2267.270,2267.270,0
17.01.2017 20:12:00.000,2267.270,2267.270,2267.270,2267.270,0
17.01.2017 20:13:00.000,2267.270,2267.270,2267.270,2267.270,0
17.01.2017 20:14:00.000,2267.270,2267.270,2267.270,2267.270,0
17.01.2017 20:15:00.000,2267.270,2267.270,2267.270,2267.270,0
17.01.2017 20:16:00.000,2267.270,2267.270,2267.270,2267.270,0
17.01.2017 20:17:00.000,2267.270,2267.270,2267.270,2267.270,0
17.01.2017 20:18:00.000,2267.270,2267.270,2267.270,2267.270,0
17.01.2017 20:19:00.000,2267.270,2267.270,2267.270,2267.270,0
17.01.2017 20:20:00.000,2267.270,2267.270,2267.270,2267.270,0
17.01.2017 20:21:00.000,2267.270,2267.270,2267.270,2267.270,0
17.01.2017 20:22:00.000,2267.270,2267.270,2267.270,2267.270,0
17.01.2017 20:23:00.000,2267.270,2267.270,2267.270,2267.270,0
17.01.2017 20:24:00.000,2267.270,2267.270,2267.270,2267.270,0
17.01.2017 20:25:00.000,2267.270,2267.270,2267.270,2267.270,0
17.01.2017 20:26:00.000,2267.270,2267.270,2267.270,2267.270,0
17.01.2017 20:27:00.000,2267.270,2267.270,2267.270,2267.270,0
17.01.2017 20:28:00.000,2267.270,2267.270,2267.270,2267.270,0
17.01.2017 20:29:00.000,2267.270,2267.270,2267.270,2267.270,0
17.01.2017 20:30:00.000,2267.270,2267.270,2267.270,2267.270,0
17.01.2017 20:31:00.000,2267.270,2267.270,2267.270,2267.270,0
17.01.2017 20:32:00.000,2267.270,2267.270,2267.270,2267.270,0
17.01.2017 20:33:00.000,2267.270,2267.270,2267.270,2267.270,0
17.01.2017 20:34:00.000,2267.270,2267.270,2267.270,2267.270,0
17.01.2017 20:35:00.000,2267.270,2267.270,2267.270,2267.270,0
17.01.2017 20:36:00.000,2267.270,2267.270,2267.270,2267.270,0
17.01.2017 20:37:00.000,2267.270,2267.270,2267.270,2267.270,0
17.01.2017 20:38:00.000,2267.270,2267.270,2267.270,2267.270,0
17.01.2017 20:39:00.000,2267.270,2267.270,2267.270,2267.270,0
17.01.2017 20:40:00.000,2267.270,2267.270,2267.270,2267.270,0
17.01.2017 20:41:00.000,2267.270,2267.270,2267.270,2267.270,0
17.01.2017 20:42:00.000,2267.270,2267.270,2267.270,2267.270,0
17.01.2017 20:43:00.000,2267.270,2267.270,2267.270,2267.270,0
17.01.2017 20:44:00.000,2267.270,2267.270,2267.270,2267.270,0
17.01.2017 20:45:00.000,2267.270,2267.270,2267.270,2267.270,0
17.01.2017 20:46:00.000,2267.270,2267.270,2267.270,2267.270,0
17.01.2017 20:47:00.000,2267.270,2267.270,2267.270,2267.270,0
17.01.2017 20:48:00.000,2267.270,2267.270,2267.270,2267.270,0
17.01.2017 20:49:00.000,2267.270,2267.270,2267.270,2267.270,0
17.01.2017 20:50:00.000,2267.270,2267.270,2267.270,2267.270,0
17.01.2017 20:51:00.000,2267.270,2267.270,2267.270,2267.270,0
17.01.2017 20:52:00.000,2267.270,2267.270,2267.270,2267.270,0
17.01.2017 20:53:00.000,2267.270,2267.270,2267.270,2267.270,0
17.01.2017 20:54:00.000,2267.270,2267.270,2267.270,2267.270,0
17.01.2017 20:55:00.000,2267.270,2267.270,2267.270,2267.270,0
17.01.2017 20:56:00.000,2267.270,2267.270,2267.270,2267.270,0
17.01.2017 20:57:00.000,2267.270,2267.270,2267.270,2267.270,0
17.01.2017 20:58:00.000,2267.270,2267.270,2267.270,2267.270,0
17.01.2017 20:59:00.000,2267.270,2267.270,2267.270,2267.270,0
17.01.2017 21:00:00.000,2267.270,2267.270,2267.270,2267.270,0
17.01.2017 21:01:00.000,2267.270,2267.270,2267.270,2267.270,0
17.01.2017 21:02:00.000,2267.270,2267.270,2267.270,2267.270,0
17.01.2017 21:03:00.000,2267.270,2267.270,2267.270,2267.270,0
17.01.2017 21:04:00.000,2267.270,2267.270,2267.270,2267.270,0
17.01.2017 21:05:00.000,2267.270,2267.270,2267.270,2267.270,0
17.01.2017 21:06:00.000,2267.270,2267.270,2267.270,2267.270,0
17.01.2017 21:07:00.000,2267.270,2267.270,2267.270,2267.270,0
17.01.2017 21:08:00.000,2267.270,2267.270,2267.270,2267.270,0
17.01.2017 21:09:00.000,2267.270,2267.270,2267.270,2267.270,0
17.01.2017 21:10:00.000,2267.270,2267.270,2267.270,2267.270,0
17.01.2017 21:11:00.000,2267.270,2267.270,2267.270,2267.270,0
17.01.2017 21:12:00.000,2267.270,2267.270,2267.270,2267.270,0
17.01.2017 21:13:00.000,2267.270,2267.270,2267.270,2267.270,0
17.01.2017 21:14:00.000,2267.270,2267.270,2267.270,2267.270,0
17.01.2017 21:15:00.000,2267.270,2267.270,2267.270,2267.270,0
17.01.2017 21:16:00.000,2267.270,2267.270,2267.270,2267.270,0
17.01.2017 21:17:00.000,2267.270,2267.270,2267.270,2267.270,0
17.01.2017 21:18:00.000,2267.270,2267.270,2267.270,2267.270,0
17.01.2017 21:19:00.000,2267.270,2267.270,2267.270,2267.270,0
17.01.2017 21:20:00.000,2267.270,2267.270,2267.270,2267.270,0
17.01.2017 21:21:00.000,2267.270,2267.270,2267.270,2267.270,0
17.01.2017 21:22:00.000,2267.270,2267.270,2267.270,2267.270,0
17.01.2017 21:23:00.000,2267.270,2267.270,2267.270,2267.270,0
17.01.2017 21:24:00.000,2267.270,2267.270,2267.270,2267.270,0
17.01.2017 21:25:00.000,2267.270,2267.270,2267.270,2267.270,0
17.01.2017 21:26:00.000,2267.270,2267.270,2267.270,2267.270,0
17.01.2017 21:27:00.000,2267.270,2267.270,2267.270,2267.270,0
17.01.2017 21:28:00.000,2267.270,2267.270,2267.270,2267.270,0
17.01.2017 21:29:00.000,2267.270,2267.270,2267.270,2267.270,0
17.01.2017 21:30:00.000,2267.270,2267.270,2267.270,2267.270,0
17.01.2017 21:31:00.000,2267.270,2267.270,2267.270,2267.270,0
17.01.2017 21:32:00.000,2267.270,2267.270,2267.270,2267.270,0
17.01.2017 21:33:00.000,2267.270,2267.270,2267.270,2267.270,0
17.01.2017 21:34:00.000,2267.270,2267.270,2267.270,2267.270,0
17.01.2017 21:35:00.000,2267.270,2267.270,2267.270,2267.270,0
17.01.2017 21:36:00.000,2267.270,2267.270,2267.270,2267.270,0
17.01.2017 21:37:00.000,2267.270,2267.270,2267.270,2267.270,0
17.01.2017 21:38:00.000,2267.270,2267.270,2267.270,2267.270,0
17.01.2017 21:39:00.000,2267.270,2267.270,2267.270,2267.270,0
17.01.2017 21:40:00.000,2267.270,2267.270,2267.270,2267.270,0
17.01.2017 21:41:00.000,2267.270,2267.270,2267.270,2267.270,0
17.01.2017 21:42:00.000,2267.270,2267.270,2267.270,2267.270,0
17.01.2017 21:43:00.000,2267.270,2267.270,2267.270,2267.270,0
17.01.2017 21:44:00.000,2267.270,2267.270,2267.270,2267.270,0
17.01.2017 21:45:00.000,2267.270,2267.270,2267.270,2267.270,0
17.01.2017 21:46:00.000,2267.270,2267.270,2267.270,2267.270,0
17.01.2017 21:47:00.000,2267.270,2267.270,2267.270,2267.270,0
17.01.2017 21:48:00.000,2267.270,2267.270,2267.270,2267.270,0
17.01.2017 21:49:00.000,2267.270,2267.270,2267.270,2267.270,0
17.01.2017 21:50:00.000,2267.270,2267.270,2267.270,2267.270,0
17.01.2017 21:51:00.000,2267.270,2267.270,2267.270,2267.270,0
17.01.2017 21:52:00.000,2267.270,2267.270,2267.270,2267.270,0
17.01.2017 21:53:00.000,2267.270,2267.270,2267.270,2267.270,0
17.01.2017 21:54:00.000,2267.270,2267.270,2267.270,2267.270,0
17.01.2017 21:55:00.000,2267.270,2267.270,2267.270,2267.270,0
17.01.2017 21:56:00.000,2267.270,2267.270,2267.270,2267.270,0
17.01.2017 21:57:00.000,2267.270,2267.270,2267.270,2267.270,0
17.01.2017 21:58:00.000,2267.270,2267.270,2267.270,2267.270,0
17.01.2017 21:59:00.000,2267.270,2267.270,2267.270,2267.270,0
17.01.2017 22:00:00.000,2267.270,2267.270,2267.270,2267.270,0
17.01.2017 22:01:00.000,2267.270,2267.270,2267.270,2267.270,0
17.01.2017 22:02:00.000,2267.270,2267.270,2267.270,2267.270,0
17.01.2017 22:03:00.000,2267.270,2267.270,2267.270,2267.270,0
17.01.2017 22:04:00.000,2267.270,2267.270,2267.270,2267.270,0
17.01.2017 22:05:00.000,2267.270,2267.270,2267.270,2267.270,0
17.01.2017 22:06:00.000,2267.270,2267.270,2267.270,2267.270,0
17.01.2017 22:07:00.000,2267.270,2267.270,2267.270,2267.270,0
17.01.2017 22:08:00.000,2267.270,2267.270,2267.270,2267.270,0
17.01.2017 22:09:00.000,2267.270,2267.270,2267.270,2267.270,0
17.01.2017 22:10:00.000,2267.270,2267.270,2267.270,2267.270,0
17.01.2017 22:11:00.000,2267.270,2267.270,2267.270,2267.270,0
17.01.2017 22:12:00.000,2267.270,2267.270,2267.270,2267.270,0
17.01.2017 22:13:00.000,2267.270,2267.270,2267.270,2267.270,0
17.01.2017 22:14:00.000,2267.270,2267.270,2267.270,2267.270,0
17.01.2017 22:15:00.000,2267.270,2267.270,2267.270,2267.270,0
17.01.2017 22:16:00.000,2267.270,2267.270,2267.270,2267.270,0
17.01.2017 22:17:00.000,2267.270,2267.270,2267.270,2267.270,0
17.01.2017 22:18:00.000,2267.270,2267.270,2267.270,2267.270,0
17.01.2017 22:19:00.000,2267.270,2267.270,2267.270,2267.270,0
17.01.2017 22:20:00.000,2267.270,2267.270,2267.270,2267.270,0
17.01.2017 22:21:00.000,2267.270,2267.270,2267.270,2267.270,0
17.01.2017 22:22:00.000,2267.270,2267.270,2267.270,2267.270,0
17.01.2017 22:23:00.000,2267.270,2267.270,2267.270,2267.270,0
17.01.2017 22:24:00.000,2267.270,2267.270,2267.270,2267.270,0
17.01.2017 22:25:00.000,2267.270,2267.270,2267.270,2267.270,0
17.01.2017 22:26:00.000,2267.270,2267.270,2267.270,2267.270,0
17.01.2017 22:27:00.000,2267.270,2267.270,2267.270,2267.270,0
17.01.2017 22:28:00.000,2267.270,2267.270,2267.270,2267.270,0
17.01.2017 22:29:00.000,2267.270,2267.270,2267.270,2267.270,0
17.01.2017 22:30:00.000,2267.270,2267.270,2267.270,2267.270,0
17.01.2017 22:31:00.000,2267.270,2267.270,2267.270,2267.270,0
17.01.2017 22:32:00.000,2267.270,2267.270,2267.270,2267.270,0
17.01.2017 22:33:00.000,2267.270,2267.270,2267.270,2267.270,0
17.01.2017 22:34:00.000,2267.270,2267.270,2267.270,2267.270,0
17.01.2017 22:35:00.000,2267.270,2267.270,2267.270,2267.270,0
17.01.2017 22:36:00.000,2267.270,2267.270,2267.270,2267.270,0
17.01.2017 22:37:00.000,2267.270,2267.270,2267.270,2267.270,0
17.01.2017 22:38:00.000,2267.270,2267.270,2267.270,2267.270,0
17.01.2017 22:39:00.000,2267.270,2267.270,2267.270,2267.270,0
17.01.2017 22:40:00.000,2267.270,2267.270,2267.270,2267.270,0
17.01.2017 22:41:00.000,2267.270,2267.270,2267.270,2267.270,0
17.01.2017 22:42:00.000,2267.270,2267.270,2267.270,2267.270,0
17.01.2017 22:43:00.000,2267.270,2267.270,2267.270,2267.270,0
17.01.2017 22:44:00.000,2267.270,2267.270,2267.270,2267.270,0
17.01.2017 22:45:00.000,2267.270,2267.270,2267.270,2267.270,0
17.01.2017 22:46:00.000,2267.270,2267.270,2267.270,2267.270,0
17.01.2017 22:47:00.000,2267.270,2267.270,2267.270,2267.270,0
17.01.2017 22:48:00.000,2267.270,2267.270,2267.270,2267.270,0
17.01.2017 22:49:00.000,2267.270,2267.270,2267.270,2267.270,0
17.01.2017 22:50:00.000,2267.270,2267.270,2267.270,2267.270,0
17.01.2017 22:51:00.000,2267.270,2267.270,2267.270,2267.270,0
17.01.2017 22:52:00.000,2267.270,2267.270,2267.270,2267.270,0
17.01.2017 22:53:00.000,2267.270,2267.270,2267.270,2267.270,0
17.01.2017 22:54:00.000,2267.270,2267.270,2267.270,2267.270,0
17.01.2017 22:55:00.000,2267.270,2267.270,2267.270,2267.270,0
17.01.2017 22:56:00.000,2267.270,2267.270,2267.270,2267.270,0
17.01.2017 22:57:00.000,2267.270,2267.270,2267.270,2267.270,0
17.01.2017 22:58:00.000,2267.270,2267.270,2267.270,2267.270,0
17.01.2017 22:59:00.000,2267.270,2267.270,2267.270,2267.270,0
17.01.2017 23:00:00.000,2267.270,2267.270,2267.270,2267.270,0
17.01.2017 23:01:00.000,2267.270,2267.270,2267.270,2267.270,0
17.01.2017 23:02:00.000,2267.270,2267.270,2267.270,2267.270,0
17.01.2017 23:03:00.000,2267.270,2267.270,2267.270,2267.270,0
17.01.2017 23:04:00.000,2267.270,2267.270,2267.270,2267.270,0
17.01.2017 23:05:00.000,2267.270,2267.270,2267.270,2267.270,0
17.01.2017 23:06:00.000,2267.270,2267.270,2267.270,2267.270,0
17.01.2017 23:07:00.000,2267.270,2267.270,2267.270,2267.270,0
17.01.2017 23:08:00.000,2267.270,2267.270,2267.270,2267.270,0
17.01.2017 23:09:00.000,2267.270,2267.270,2267.270,2267.270,0
17.01.2017 23:10:00.000,2267.270,2267.270,2267.270,2267.270,0
17.01.2017 23:11:00.000,2267.270,2267.270,2267.270,2267.270,0
17.01.2017 23:12:00.000,2267.270,2267.270,2267.270,2267.270,0
17.01.2017 23:13:00.000,2267.270,2267.270,2267.270,2267.270,0
17.01.2017 23:14:00.000,2267.270,2267.270,2267.270,2267.270,0
17.01.2017 23:15:00.000,2267.270,2267.270,2267.270,2267.270,0
17.01.2017 23:16:00.000,2267.270,2267.270,2267.270,2267.270,0
17.01.2017 23:17:00.000,2267.270,2267.270,2267.270,2267.270,0
17.01.2017 23:18:00.000,2267.270,2267.270,2267.270,2267.270,0
17.01.2017 23:19:00.000,2267.270,2267.270,2267.270,2267.270,0
17.01.2017 23:20:00.000,2267.270,2267.270,2267.270,2267.270,0
17.01.2017 23:21:00.000,2267.270,2267.270,2267.270,2267.270,0
17.01.2017 23:22:00.000,2267.270,2267.270,2267.270,2267.270,0
17.01.2017 23:23:00.000,2267.270,2267.270,2267.270,2267.270,0
17.01.2017 23:24:00.000,2267.270,2267.270,2267.270,2267.270,0
17.01.2017 23:25:00.000,2267.270,2267.270,2267.270,2267.270,0
17.01.2017 23:26:00.000,2267.270,2267.270,2267.270,2267.270,0
17.01.2017 23:27:00.000,2267.270,2267.270,2267.270,2267.270,0
17.01.2017 23:28:00.000,2267.270,2267.270,2267.270,2267.270,0
17.01.2017 23:29:00.000,2267.270,2267.270,2267.270,2267.270,0
17.01.2017 23:30:00.000,2267.270,2267.270,2267.270,2267.270,0
17.01.2017 23:31:00.000,2267.270,2267.270,2267.270,2267.270,0
17.01.2017 23:32:00.000,2267.270,2267.270,2267.270,2267.270,0
17.01.2017 23:33:00.000,2267.270,2267.270,2267.270,2267.270,0
17.01.2017 23:34:00.000,2267.270,2267.270,2267.270,2267.270,0
17.01.2017 23:35:00.000,2267.270,2267.270,2267.270,2267.270,0
17.01.2017 23:36:00.000,2267.270,2267.270,2267.270,2267.270,0
17.01.2017 23:37:00.000,2267.270,2267.270,2267.270,2267.270,0
17.01.2017 23:38:00.000,2267.270,2267.270,2267.270,2267.270,0
17.01.2017 23:39:00.000,2267.270,2267.270,2267.270,2267.270,0
17.01.2017 23:40:00.000,2267.270,2267.270,2267.270,2267.270,0
17.01.2017 23:41:00.000,2267.270,2267.270,2267.270,2267.270,0
17.01.2017 23:42:00.000,2267.270,2267.270,2267.270,2267.270,0
17.01.2017 23:43:00.000,2267.270,2267.270,2267.270,2267.270,0
17.01.2017 23:44:00.000,2267.270,2267.270,2267.270,2267.270,0
17.01.2017 23:45:00.000,2267.270,2267.270,2267.270,2267.270,0
17.01.2017 23:46:00.000,2267.270,2267.270,2267.270,2267.270,0
17.01.2017 23:47:00.000,2267.270,2267.270,2267.270,2267.270,0
17.01.2017 23:48:00.000,2267.270,2267.270,2267.270,2267.270,0
17.01.2017 23:49:00.000,2267.270,2267.270,2267.270,2267.270,0
17.01.2017 23:50:00.000,2267.270,2267.270,2267.270,2267.270,0
17.01.2017 23:51:00.000,2267.270,2267.270,2267.270,2267.270,0
17.01.2017 23:52:00.000,2267.270,2267.270,2267.270,2267.270,0
17.01.2017 23:53:00.000,2267.270,2267.270,2267.270,2267.270,0
17.01.2017 23:54:00.000,2267.270,2267.270,2267.270,2267.270,0
17.01.2017 23:55:00.000,2267.270,2267.270,2267.270,2267.270,0
17.01.2017 23:56:00.000,2267.270,2267.270,2267.270,2267.270,0
17.01.2017 23:57:00.000,2267.270,2267.270,2267.270,2267.270,0
17.01.2017 23:58:00.000,2267.270,2267.270,2267.270,2267.270,0
17.01.2017 23:59:00.000,2267.270,2267.270,2267.270,2267.270,0